s{U,ϑԍ,,ϑ,Ŗ,ݒn,ܓx(x),ܓx(),ox(x),ox(),Cʏ̍(),v̍(),xv̍(),ϑJnN,l1,l2
@J,11001,l,@J,л,ts@J,45,31.2,141,56.1,26,10,1.5,53.10.30,|,|
@J,11016,,t,ܯŲ,tsJ^@tnCۑ,45,24.9,141,40.7,3,23.5,|,#50.4.1,11903,|
@J,11046,l,當,,當S當厚[giC,45,18.3,141,2.7,65,6.5,1.5,15.10.17,|,|
@J,11061,,,Ĳ,ts厚⑺@tqCۊϑ,45,24.2,141,48.1,8,10,|,15.1.1,11904,Ƃ
@J,11076,l,lSu,ϵƼ,@JSlSu,45,20.1,142,10.2,13,6.5,1.5,53.10.30,11900,|
@J,11091,,{,,KSKxm{@KqCۊϑ,45,14.5,141,11.2,30,10,|,15.1.1,|,Ƃ
@J,11121,l,,϶,ts⑺,45,14.9,141,51.1,23,8,1.5,52.10.20,11905,|
@J,11151,l,B`,¶,KSKB`,45,10.7,141,8.3,14,6.5,1.5,#52.10.24,|,|
@J,11176,l,Lx,,VSLxLx2,45,6.1,141,46.8,14,10,1.5,(50.5.29)52.10.25,11910,|
@J,11206,l,lڕ,,}KSlڕʒNb`Δ,45,7.5,142,21,18,10,2.5,#52.10.19,|,|
@J,11276,l,ڕ,Ŷ,}KSڕʒ,44,57.9,142,16.8,25,10.2,1.5,(50.5.28)52.10.19,11915,|
@J,11291,,k}K,д,}KS}K{@k}KʒnCۊϑ,44,56.4,142,35.1,7,17.2,|,#51.1.1,11917,|
@J,11316,l,̓o,,}KS}K̓o,44,50.5,142,28.8,14,10,1.5,#52.10.25,11920,|
@J,13011,J,y,,VSyy,45,0.4,141,51.1,5,|,|,17.11.15,|,|
,12011,l,,Ŷ,S쒬,44,49.7,142,4.6,22,10,1.5,52.10.19,|,|
,12041,l,Ўq{,Ĳȯ,SЎq{Ўq{,44,43.6,142,15.9,40,10,1.5,52.10.17,12905,|
,12066,J,,,S[,44,36.5,142,17.7,62,|,|,17.11.9,|,|
,12141,l,[,̶,S[,44,28.8,142,20.5,77,10,1.5,#52.10.6,12900,|
,12181,l,,,s勴,44,22.2,142,27.4,89,8,2.6,#51.4.1,12910,|
,12217,J,A,Ƽ̳,sAA,44,17.7,142,21.5,128,|,|,17.11.8,|,|
,12231,l,,Ӷ,S쒬쒬,44,17.7,142,38.2,143,10,2.4,#52.10.14,12925,|
,12256,J,,,S,44,6.4,142,21.2,138,|,|,17.11.10,|,|
,12261,l,m,,mʎs,44,11.2,142,25,135,8,1.5,#52.10.13,|,|
,12266,l,,,mʎs,44,7.1,142,35.7,225,10,1.5,52.10.13,|,|
,12301,l,a,ܯ,Samo,44,1.7,142,24.6,150,10,1.5,52.10.12,12915,|
,12386,l,]O,,s]OʒF,43,52.2,142,15.6,140,10,3.2,52.10.11,|,|
,12396,l,z,߯,Szk2,43,52.2,142,28.2,164,10,2.5,(50.5.27)52.10.11,|,|
,12411,l,,ж,S쒬h,43,50.8,142,45.2,324,10,2.4,#52.10.12,12920,|
,12442,,,˶,s{O1@nCۑ,43,45.4,142,22.3,120,46.4,|,16.9.9,12927,|
,12451,l,,˶޼,S쒬k,43,42.1,142,30.5,215,10,2.2,52.10.5,|,|
,12457,J,,н,s쒬,43,44.2,142,38.3,289,|,|,59.10.8,|,|
,12471,J,w_,ݷ,S쒬w_R,43,45.2,142,55.8,540,|,|,50.5.27,12930,|
,12501,,_y,˶޼,S_y2@qCۊϑ,43,40.2,142,26.8,211,10,|,15.1.1,12932,Ƃ
,12512,l,u,Ų,S_yu,43,38.6,142,34.9,310,10,1.5,4.10.9,|,|
,12551,l,l,޴,Sl5,43,35.3,142,29.6,250,10,1.5,(50.5.28)52.10.6,12935,|
,12596,l,xǖ,,mSxǖ쒬咬,43,27.3,142,27.9,220,10,2.1,52.10.8,|,|
,12607,J,,۶,Sl,43,28.5,142,39,658,|,|,59.10.8,|,|
,12626,l,xǖ,,xǖs,43,20,142,24,174,9.4,2.2,#51.4.1,12940,|
,12632,l,[,۸޳,xǖs[sXn,43,18.1,142,31.3,315,10,2.3,53.10.25,|,|
,12686,J,R,,mSxǖ쒬Rn,43,8.3,142,25,284,|,|,17.11.17,|,|
,12691,l,,,mSxǖ쒬,43,10.1,142,34.1,350,9.4,1.5,52.10.7,12945,|
,12746,l,芥,Ѷ,ES芥,42,58.7,142,23.7,332,10,1.5,52.10.7,12950,|
,15041,l,f,Ų,JSyf,44,16.9,142,9.7,255,10,1.5,53.10.24,15900,|
,15076,l,y,۶Ų,JSyy,44,0.6,142,9.6,159,9.4,1.5,(50.5.28)52.10.28,15905,|
G,13061,l,V,ü,VSV,44,53.6,141,45.7,9,10,1.5,#52.10.26,13900,|
G,13086,l,,,VSʒKa,44,43.1,141,48.4,7,10,1.5,#52.10.26,|,|
G,13121,l,R,,ϑOSRʑR,44,31.4,141,46.2,27,10,1.5,52.10.28,13905,|
G,13146,l,ĐK,Է޼,ϑOSHyĐKl,44,25.7,141,25.3,38,8,1.5,52.10.27,|,|
G,13181,,Hy,,ϑOSHy3@HyʒnCۊϑ,44,21.8,141,42,8,21.6,|,#51.1.1,13907,|
G,13206,J,ÒO,,ϑOSϑOÒO,44,15.9,141,43.3,15,|,|,51.8.4,13910,|
G,13261,l,Bz,,GSBz,44,2.9,141,51.4,30,10,3.4,52.10.31,|,|
G,13277,,G,Ӳ,Gs咬@GʒnCۊϑ,43,56.7,141,37.9,24,16.3,|,55.6.21,13915,|
G,13311,l,,ϼ,ьSђʊ,43,50.9,141,30.6,20,9.4,1.5,#53.10.24,|,|
G,13321,l,yf,Ƕ,Gsyf,43,51.2,141,45.6,20,10,1.5,52.10.31,13920,|
Ύ,14026,l,lv,Ͻ,Ύslv쉺,43,34.9,141,23.2,3,10,1.5,52.10.12,|,|
Ύ,14071,l,c,,Ύscʎ,43,23.8,141,26.2,5,10,1.5,52.10.12,14900,|
Ύ,14101,l,V,ݼ,ΎSVÑ46k,43,13.2,141,38.7,9,10,1.5,#53.10.23,14910,|
Ύ,14116,l,R,ϸ,DysR,43,8.9,141,13.3,5,10,1.5,#52.10.11,|,|
Ύ,14121,l,Ύ,,ΎsU,43,11.6,141,22.2,5,10,1.5,2.3.6,14905,|
Ύ,14136,l,],,]ʎs]ʑ,43,6.6,141,36.1,8,8,1.5,12.10.31,|,|
Ύ,14157,J,R,ò,DysR,43,5,141,12.1,568,|,|,22.3.24,|,|
Ύ,14163,,Dy,,Dysk2𐼁@DyǋCۑ,43,3.6,141,19.7,17,|,|,13.9.26,14913,CAJA
Ύ,14163,,Dy,,Dysk2,43,3.6,141,19.6,17,59.5,|,13.9.26,|,
Ύ,14191,J,,,Dys揬,42,57.8,141,13,230,|,|,#,14915,|
Ύ,14206,l,b듇,ܼ,bs,42,55.6,141,33.9,30,10,1.5,#52.10.13,14920,|
Ύ,14286,l,x┌Δ,º,Ύsx┌ΉԊOn,42,46.3,141,24.4,290,10,1.5,#52.10.14,|,|
Ύ,14296,,,ľ,ΎsX@V΍q󑪌,42,46.5,141,41.5,22,9.8,|,15.1.1,14923,Ƃ
m,15116,l,Ύc,,JScΒ,43,48.9,141,55.6,63,10,1.5,#51.4.1,|,|
m,15161,l,[,̶,[sߒ,43,43.1,142,4.4,55,10,1.5,#52.10.7,15910,|
m,15197,J,J,ح,JSJ,43,39.6,141,53.5,42,|,|,17.11.1,|,|
m,15216,J,V,ݼޮ,ʎsV,43,36.7,142,12.2,147,|,|,59.10.5,|,|
m,15231,l,mg,ּ,ˌSV\Ð쒬g,43,35.7,141,43.9,100,10,1.5,53.11.2,|,|
m,15241,l,,,s̐,43,34.2,141,56.3,50,9.6,1.5,#51.4.1,15930,|
m,15247,J,ԕ,,ԕsL,43,33.2,142,4,120,|,|,17.10.31,|,|
m,15251,l,,,ʎsk2,43,31.2,142,11.4,91,10,1.5,#53.10.25,15915,|
m,15276,J,YP,׳,ˌSYPYP,43,25.7,141,48.5,25,|,|,58.8.2,|,|
m,15311,l,`,·,ˌS`m,43,19.8,141,37,50,10,1.5,(50.5.16)52.10.6,|,|
m,15321,l,S,޲,SskS,43,21.8,141,49.6,16,10,1.5,#52.10.5,15920,|
m,15356,,〈,л,〈s5𓌁@〈ʒnCۊϑ,43,12.7,141,47.1,42,22.1,|,#50.4.3,15923,|
m,15391,J,I,ػ,〈sI򒬓{,43,7.3,141,44.7,20,|,|,50.6.7,|,|
m,15431,l,,Ŷ,[S{k,43,0.7,141,41.6,13,10,2.5,#52.10.5,|,|
m,15442,l,[,ճ,[s̒JR蒬,43,2.3,141,57.4,293,9.4,1.5,#51.4.1,15925,|
m,15451,J,,,[sxm,43,4.8,142,6,310,|,|,58.8.2,|,|
m,15491,J,̑,ɻ,[sm,42,57.6,142,1.2,161,|,|,58.8.2,|,|
u,16026,l,,޸,ϒOSϒOD,43,16.3,140,33.8,75,10,1.5,#52.10.25,|,|
u,16061,l,_b,ӴŲ,ÉFS_b_b,43,8.7,140,25.4,50,10,1.5,52.10.24,|,|
u,16076,l,]s,ֲ,]sS]sLu,43,10.9,140,45.5,20,10,1.5,#52.10.31,16905,|
u,16091,,M,,Ms[@MʒnCۊϑ,43,10.9,141,0.9,25,13.6,|,#50.12.23,16903,|
u,16126,J,Ԉ,,]sSԈ쑺Ԉ,43,5,140,49.2,148,|,|,51.5.12,16900,|
u,16156,l,a,,Say,42,58.8,140,36.2,15,10,1.5,#52.10.24,16910,|
u,16206,l,z,ݺ,JSzz,42,48.6,140,32.5,39,8,1.5,#52.10.20,16915,|
u,16217,,m,,cSm1𓌁@mʒnCۊϑ,42,54,140,45.4,176,30.8,|,3.8.28,16917,|
u,16252,,s,,sSsVh@sʒnCۊϑ,42,47.7,140,13.4,33,17.6,|,.9.22,16918,|
u,16272,J,jZR,ƾ,cSjZR{c,42,46.7,140,40,113,|,|,22.3.11,|,|
u,16281,l,^,ϯ,cS^둺,42,46.5,140,52.8,440,10,3.3,(50.7.1)53.10.27,|,|
u,16286,l,Ε,,cSΕʒ,42,47.6,140,56.9,264,10,2.9,#52.10.21,16920,|
u,16321,l,,Ų,sS,42,39.8,140,18.6,27,10,1.5,#52.10.20,16925,|
ΰ¸,17036,,Y,,ʌSYY@YʒnCۊϑ,44,34.8,142,57.8,14,16.6,|,#50.12.1,17903,|
ΰ¸,17076,l,,,ʌS,44,28.2,143,6.5,8,10,2.5,#52.10.28,|,|
ΰ¸,17091,l,,Ƽ,ʌS,44,19.9,142,56.1,120,8,2.5,(50.7.1)52.10.28,17900,|
ΰ¸,17112,,,,ʎs삪u@ʓʒnCۊϑ,44,20.7,143,21.3,16,13.6,|,58.1.1,17904,|
ΰ¸,17116,,ʏ,ºѶ,ʎs@ʍqCۊϑ,44,18.2,143,24.2,18,10.4,|,15.1.1,17960,Ƃ
ΰ¸,17166,l,N,ճ,ʌSNʒ,44,12.8,143,37.1,5,9.4,2.5,#52.10.26,|,|
ΰ¸,17196,l,,ɳ,ʌS㒬m㌴5,44,10.6,143,3.7,165,10,2.5,#52.10.27,17905,|
ΰ¸,17211,J,㑔,,ʎs㑔,44,11.2,143,20.1,94,|,|,#,|,|
ΰ¸,17246,l,C,ĺ,ksC,44,6.9,144,2.2,3,10,2.5,#52.10.21,|,|
ΰ¸,17306,l,y,ݶ,ʌSy,44,3.2,143,32.4,80,6.4,2.5,#52.10.24,17910,|
ΰ¸,17316,l,C,,CSCԒx,44,1.1,143,45.6,54,10,2.5,#52.10.21,17915,|
ΰ¸,17341,,ԑ,޼,ԑs䒬@ԑnCۑ,44,1,144,16.7,38,15.6,|,#50.4.1,17917,|
ΰ¸,17351,l,FoC,,ΗSΗEg,44,3.1,144,58.9,144,10,2.5,(50.5.12)53.10.26,17935,|
ΰ¸,17386,J,ېz,پ,ʌSyېz,43,57.1,143,19.7,242,|,|,59.10.5,|,|
ΰ¸,17482,l,,,ʌSykxN,43,51.9,143,9.2,475,10,2.5,(50.9.25)5.1.27,17955,|
ΰ¸,17501,l,c,,ʌSyc,43,55,143,31.9,199,10,2.5,#52.10.25,|,|
ΰ¸,17512,J,mR,ƺ,ksx,43,51.6,143,44.8,261,|,|,17.11.2,|,|
ΰ¸,17521,l,k,,ksL,43,46.6,143,50.5,104,10,2.5,#51.4.1,17925,|
ΰ¸,17531,,,,ԑS󒬏ʒ@ʍqCۊϑ,43,52.8,144,9.8,33,8.6,|,15.1.1,17965,Ƃ
ΰ¸,17541,J,,˶޼Ӻ,ԑS󒬓,43,50.4,144,17.1,58,|,|,53.7.11,|,|
ΰ¸,17546,l,,н,ΗS,43,50.5,144,29.1,52,10,1.5,#52.10.19,|,|
ΰ¸,17561,l,Η,,ΗSΗȋvȓ,43,53.1,144,42,15,10,2.5,#52.10.19,17940,|
ΰ¸,17596,l,A,޼,ksAa,43,44.5,143,27,325,10,2.5,#53.11.1,17930,|
ΰ¸,17607,l,,,CSu˒LZ,43,42.4,143,38.6,184,10,2.5,52.10.25,|,|
ΰ¸,17631,l,y,,ԑSyZ,43,46.2,144,10.3,60,10.1,1.5,#52.10.20,|,|
ΰ¸,17642,J,R,Ͽ,ԑS󒬓ՎR,43,44.6,144,20.2,361,|,|,22.3.18,|,|
ΰ¸,17686,J,uˏ팳,,CSu˒팳,43,37.2,143,26.4,368,|,|,17.11.8,|,|
ΰ¸,17717,l,Õ,,ԑSÕʒLi,43,42.1,144,2,100,10,2.5,63.10.4,17950,|
ΰ¸,17776,J,Õʓ,,ԑSÕʒ,43,35,143,51.9,210,|,|,17.11.4,|,|
,18038,l,P,׳,ڗSPh,44,1.4,145,11.2,15,9.5,1.5,17.11.1,18925,|
,18091,J,,ĸ,WÌSWÒk,43,43.3,144,59.3,115,|,|,53.7.28,|,|
,18136,l,W,,WÌSWÒk2,43,39.7,145,7.9,3,8,2.2,#52.10.18,|,|
,18161,l,W,м,WÌSWÒW,43,31.2,144,44.8,181,6.5,2.2,15.10.16,|,|
,18171,l,W,Ŷ,WÌSWÒu,43,32.6,144,58.7,50,6.5,1.5,#52.10.18,18910,|
,18174,,W,Ŷ,WÌSWÒk@WÍqCۊϑ,43,34.6,144,57.6,65,10,|,15.1.1,18930,Ƃ
,18256,l,ʊC,¶,tSʊC㒬,43,22.9,145,7.1,23,10,2.2,#52.10.14,18915,|
,18273,,,,sh@ʒnCۊϑ,43,19.8,145,35.1,25,29.2,|,5.8.26,18917,|
,18281,l,[z,ɻ,s,43,23.6,145,45.5,12,6.5,1.5,(50.5.29)52.10.13,|,|
,18311,l,,ĺ,s,43,13.3,145,13.6,41,10,1.5,52.10.14,18920,|
H,19021,l,쓒,,Sq쓒wO,43,37,144,27.4,158,9.5,1.5,#52.10.6,19900,|
H,19051,l,q,ü,Sqq,43,30.6,144,28,170,10,1.5,52.10.6,|,|
H,19076,l,Δ,ݺ,HsΉ,43,26.2,144,5.1,450,9.9,1.5,#52.10.7,19910,|
H,19151,l,W,,SWJ^,43,17.5,144,35.2,20,10,1.5,#52.10.11,19915,|
H,19191,l,ߋ,ٲ,Sߋߋ,43,13.9,144,19.5,38,6.5,1.5,52.10.5,19920,|
H,19261,l,O,Ŷü,HsOʒ34,43,11.9,144,8.5,80,10,1.5,#52.10.7,19925,|
H,19281,J,H,ĳ,SWH,43,8.9,144,29.8,25,|,|,58.8.2,|,|
H,19301,J,,Ų,݌Sl13,43,10.4,144,58,70,|,|,59.10.1,|,|
H,19311,l,咬,,݌Sl咬,43,7.2,145,6.6,2,9.5,1.5,52.10.12,|,|
H,19346,J,,,Hs,43,6.8,144,7.4,40,|,|,#,|,|
H,19347,,ߋu,ٵ,Hsߋu@HqCۊϑ,43,2.4,144,11.5,95,10,|,15.1.1,19935,Ƃ
H,19376,l,c,,݌Sݒc,43,5.4,144,46.7,85,10,1.5,52.10.11,19930,|
H,19406,J,,,Hsʒʌ,42,58.3,143,52.5,45,|,|,51.6.29,|,|
H,19416,l,f,Ƕ,fSf2k,42,58.2,144,3.7,9,10,1.5,#52.10.5,19940,|
H,19432,,H,,HsK@HnCۑ,42,59.1,144,22.6,5,66.1,|,12.10.5,19950,|
H,19451,l,mw,Ų,HSHP䑺mw,42,56.3,144,44.1,149,6.6,1.5,53.10.27,|,|
\,20047,J,O,,͓SmyO,43,30.6,143,8.9,660,|,|,17.11.9,|,|
\,20071,J,,ļ,Sʒʖ{ʓ1,43,35.3,143,40.8,313,|,|,58.8.2,|,|
\,20146,l,,ظ,Sʒʌ앪,43,28.1,143,44.3,207,8.2,1.5,#52.10.21,20900,|
\,20186,l,ʂт猹,Ƕ׹ݾݷ,͓Smyʂт猹򋽖k,43,22,143,11.5,540,8.1,1.5,51.4.1,20910,|
\,20202,J,q,ܸ,S񒬖Ίo,43,21.7,143,27.5,378,|,|,58.8.2,|,|
\,20222,J,㗆p,,S񒬏㗆p,43,19.1,143,48.1,232,|,|,58.10.5,|,|
\,20266,l,my,м,͓Smy4,43,14.1,143,18.2,295,10,1.5,#52.10.20,20920,|
\,20276,l,,,S񒬓1,43,14.6,143,33.2,90,10,1.5,#52.10.21,|,|
\,20331,J,,,S{ʒ,43,6.9,143,26.6,104,|,|,58.8.2,|,|
\,20341,l,{,,S{ʒV,43,7.9,143,36,67,8,1.5,#51.3.10,20935,|
\,20356,l,V,ĸ,SV4,43,4.6,142,50.4,178,8.3,1.5,#52.10.24,20930,|
\,20361,l,,,͓SǒΒ,43,6.2,142,59.7,206,8,1.5,#53.10.30,|,|
\,20371,l,,,͓SXk,43,3,143,11,112,10,1.5,52.10.20,|,|
\,20421,l,莺,,͐S莺3,42,54,143,2.6,90,10,1.5,#52.10.24,20940,|
\,20432,,эL,,эLs4@эL,42,55.3,143,12.7,38,|,|,10.1.28,20943,CAJ
\,20432,,эL,,эLs9,42,54.5,143,13.4,45,11.2,|,10.1.28,|,A
\,20441,l,rc,,Src,42,55.2,143,27.5,42,10,1.5,#52.10.26,|,|
\,20451,J,^,ټ,\SYy^,42,55,143,39.7,40,|,|,59.10.1,|,|
\,20506,l,Yy,,\SYy,42,48.5,143,39.4,20,8.3,1.5,#52.10.27,20945,|
\,20551,,эL,۲,эLs򒬐9@эLqCۊϑ,42,44,143,13,149,10,|,15.1.1,20955,Ƃ
\,20556,l,f,ǶŲ,Sʒ܈,42,47.2,143,19.7,70,10,1.5,53.10.30,|,|
\,20601,l,D,лŲ,͐SDD1,42,38.5,143,5.8,251,10,1.5,52.10.25,20950,|
\,20606,l,X,,͐SXʑXʓ2,42,39.1,143,11.7,185,10,1.5,52.10.25,|,|
\,20631,l,,,SLÎ,42,41.2,143,38.8,4,10,1.5,52.10.27,|,|
\,20696,l,,,LSؒ,42,30,143,16.4,87,10,1.5,#52.10.26,20960,|
\,20751,,L,۵,LSLؒʓ@LʒnCۊϑ,42,17.6,143,19,32,20.1,|,#50.12.19,20965,|
_U,21031,J,,,ES,42,48.8,141,49.7,32,|,|,#,21900,|
_U,21111,l,^,,ES^,42,43.8,141,53.3,20,10,1.5,#52.10.5,|,|
_U,21126,l,,,ESނ풬,42,45.7,142,8.6,56,10,1.5,#52.10.5,21905,|
_U,21161,l,,,ɒBs{,42,40.2,141,4.7,390,10,2.5,(50.6.3)52.10.7,21910,|
_U,21171,l,X,,VSVX,42,37.8,141,14.8,170,10,1.5,#52.10.27,|,|
_U,21187,,Ϗq,Ϻϲ,Ϗqs炩Β@ϏqʒnCۊϑ,42,37.4,141,32.8,6,20.2,|,63.6.25,21913,|
_U,21226,l,,,cSLY,42,35.4,140,38.6,4,10,1.5,#52.10.11,21915,|
_U,21237,J,Ή,ĳԺݾ,cSΒΉ,42,33.9,140,48.4,85,|,|,53.12.8,|,|
_U,21251,J,JX,ٽ,oʎsJX,42,31,141,6.4,300,|,|,60.7.31,|,|
_U,21261,l,V,׵,VSV,42,32.6,141,21.1,6,6.5,1.5,#52.10.6,21920,|
_U,21276,l,,Ѷ,ESނ풬L,42,35.4,141,56,10,6.5,1.5,#53.10.26,|,|
_U,21297,l,ɒB,,ɒBsَR,42,28.5,140,50.9,3,10,1.5,#52.10.11,|,|
_U,21312,l,o,,oʎsD,42,27.5,141,7.1,197,10,1.5,#58.8.10,21925,|
_U,21323,,,,sR蒬@nCۑ,42,18.7,140,58.5,40,18.2,|,#60.7.1,21930,|
,22036,l,,޶,S{,42,52.6,142,26.5,280,10,1.5,52.10.19,22900,|
,22072,J,mF,ƾ,S撬mF,42,46.3,142,21.5,150,|,|,60.9.25,|,|
,22106,J,,,S撬n,42,37.7,142,23.6,245,|,|,60.9.26,22906,|
,22141,l,,޶,Sxl,42,29.8,142,3.2,47,10,1.5,#51.3.11,|,|
,22156,l,Va,,VSVVa,42,32.6,142,20,60,10,1.9,#52.10.18,|,|
,22206,J,R,,SVЂÓ䉀,42,26,142,28.9,110,|,|,62.10.6,|,|
,22241,l,Ó,Ų,SVЂÓR蒬,42,20.6,142,21.7,10,9.6,1.5,#52.10.17,22920,|
,22291,l,O,²,SVЂOΔa,42,14.7,142,39.7,10,10,1.5,52.10.17,|,|
,22306,l,nP,Ŷȳ,Y͌SY͒nP,42,13.4,142,56.9,80,10,1.5,53.10.31,22910,|
,22327,,Y,׶,Y͌SY͒@Y͓ʒnCۊϑ,42,9.7,142,46.6,37,18.1,|,#58.3.1,22913,|
,22356,J,ڍ,Ҹ,ySڍ,42,7.6,143,18.8,17,|,|,53.8.30,22915,|
,22366,J,y,,lSly,42,4.6,143,2.1,0,|,|,53.7.14,|,|
,22391,l,,л,ySm,41,55.5,143,14.6,63,8,1.5,53.12.27,|,|
n,23031,l,,,RzSh,42,31.4,140,22.9,10,10,1.5,#52.10.12,23900,|
n,23086,l,_,Ը,CS_{,42,15.1,140,16.3,8,9.4,1.5,#52.10.12,23905,|
n,23166,l,X,,SXP,42,4,140,35.3,125,8,1.5,14.3.1,23925,|
n,23191,J,,,TcSђR,41,58.6,140,42.9,165,|,|,#,23910,|
n,23206,l,싂,,َs싂,41,54.3,140,58.2,25,10,1.5,#52.10.13,|,|
n,23226,l,kl,θ,kls{,41,53.2,140,39.2,25,10,1.5,#52.10.13,|,|
n,23232,,,ʺ,َs@ْnCۑ,41,49,140,45.2,35,25.7,|,4.7.23,23915,|
n,23281,,,,َs@ٍqCۊϑ,41,46.2,140,49.3,34,10,|,15.1.1,23930,Ƃ
n,23291,J,ˈ䔑,Ĳ,َs,41,43,141,0.2,20,|,|,15.3.20,|,|
n,23321,J,m,س,Sm㗋,41,35.9,140,22.5,24,|,|,16.10.1,|,|
n,23326,l,،Ó,Ų,S،Ó{,41,40.8,140,26.2,10,10,1.5,(50.4.18)52.10.14,|,|
n,23356,J,猬,ݹ,OS猬,41,33.5,140,16.3,100,|,|,53.7.19,23920,|
n,23376,l,O,ϴ,OSO,41,25.4,140,5.2,30,10,1.5,#52.10.14,|,|
n,24141,l,F,ϲ,CS_F΍蒬,42,7.7,139,59.1,12,10,1.5,#52.10.18,24905,|
wR,24041,l,,,vSȒI{,42,27,139,51.1,10,10,1.5,#52.10.19,|,|
wR,24051,l,,϶,IS,42,25.7,140,0.5,19,10,1.5,#52.10.19,24900,|
wR,24101,l,K,,KSK,42,14.9,139,33.4,5,6.5,1.5,12.1.28,|,|
wR,24156,,ĉ,ȵ,KSKĉ@KqCۊϑ,42,4.3,139,25.9,49,10.4,|,15.1.1,|,Ƃ
wR,24166,J,,,uS,42,2.3,140,5.3,50,|,|,#,|,|
wR,24201,l,G,,wRS򕔒G,41,55.8,140,18.7,53,10,1.5,52.10.18,24910,|
wR,24217,,],,wRS]W_@]ʒnCۊϑ,41,52,140,7.4,4,19.6,|,54.8.30,24915,|
wR,24236,J,΍,޷,wRSm΍,41,42,140,1.7,5,|,|,52.10.20,|,|
X,31001,l,,,kSԒԎT,41,31.6,140,54.7,14,10,2,(50.5.24)51.11.24,31900,|
X,31036,J,,ɶ,ނs,41,18.8,140,57.4,162,|,|,17.10.21,|,|
X,31111,,ނ,,ނsȁ@ނʒnCۊϑ,41,17,141,12.6,3,11.1,|,#50.12.10,31903,|
X,31121,l,c,ɻ,kSʑc򎚒,41,14.1,141,23.8,6,10,1.5,51.11.22,|,|
X,31136,l,,,ÌySʒʎ,41,10.8,140,28.9,30,10,1.5,(50.5.21)51.11.16,31905,|
X,31156,l,e,ܷɻ,ނsej,41,8.7,140,49.3,15,10,1.5,51.11.25,31940,|
X,31186,l,sY,,܏쌴s,41,3.4,140,20.8,20,10,2,51.11.18,|,|
X,31201,l,Ic,,ÌySOlIckP,41,2.7,140,38,5,8.2,1.5,#51.11.17,|,|
X,31296,l,܏쌴,޼,܏쌴s,40,48.5,140,27.5,9,10,2,#51.11.19,31910,|
X,31312,,X,,Xsԉ@XnCۑ,40,49.3,140,46.1,3,31.8,|,.12.1,31913,|
X,31321,J,aR,,ÌySOqm,40,50.9,140,59.1,137,|,|,50.5.24,|,|
X,31332,l,Ӓn,ͼ,kSӒnL˒䕽,40,53.1,141,9.6,14,10,2,20.11.21,31916,|
X,31336,l,ZP,ۯ,kSZq,40,53.1,141,16.3,80,8.3,2,57.9.22,|,|
X,31366,l,˃P,޶޻,ÌyS˃򒬕˒,40,46.6,140,12.3,40,10,2,#51.11.22,31945,|
X,31386,,XJ,ص,Xs厚JJ@XqCۊϑ,40,44,140,41.3,198,10,|,15.1.1,|,Ƃ
X,31411,J,,,kS˒ߎ,40,42.5,141,7.7,57,|,|,52.9.22,|,|
X,31436,,[Y,̶,ÌyS[Y厚[Y@[YʒnCۊϑ,40,38.7,139,55.9,66,22.2,|,#50.3.22,31923,|
X,31451,J,x,޹,OOsՖ쎚̑,40,37.7,140,15.8,438,|,|,51.7.26,|,|
X,31461,l,OO,ۻ,OOsac,40,36.7,140,27.3,30,10,1.5,#51.3.5,31920,|
X,31466,l,,۲,ΎsnK,40,40,140,35.1,30,10,2,#51.11.22,|,|
X,31482,l,_P,,Xsr쎚rRLю_,40,38.9,140,50.9,890,10,6,(50.11.27)51.11.15,31925,|
X,31506,l,O,л,Os,40,40.5,141,22.5,39,8.1,1.5,#51.11.15,|,|
X,31551,J,k,,ÌySk厚IΎ󐣟,40,31.8,140,33.3,63,|,|,22.12.6,|,|
X,31562,J,,ٶ,sؖÍX,40,30.9,140,47,404,|,|,58.9.13,|,|
X,31586,l,\ac,,\acs⎚,40,35.7,141,14.8,42,10,1.5,#51.11.16,31950,|
X,31602,,,,ˎsٕ@@˓ʒnCۊϑ,40,31.6,141,31.3,27,|,|,19.3.29,31953,CAJA
X,31602,,,,ˎsٕ@,40,31.6,141,31.3,26,27.5,|,19.3.29,|,
X,31646,l,P,ض޾,s􃖊ֈ,40,28.9,140,37.2,135,10,2,#51.11.24,31935,|
X,31662,l,x,Խ,\acs厚\acΔȋx,40,25.6,140,53.9,414,10,2,57.10.15,|,|
X,31671,J,˗,ײ,OˌSV厚˗m,40,28.1,141,10.6,125,|,|,53.8.21,|,|
X,31721,l,O,,OˌSO˒cm,40,23,141,15.4,60,10,1.5,#51.11.28,31955,|
Hc,32056,l,X,,R{SX`RL,40,24.8,139,56.9,34,10,2,(50.5.24)51.11.27,|,|
Hc,32071,J,,̼޻,R{SՎ嗎,40,19.2,140,17.6,68,|,|,53.8.22,|,|
Hc,32091,J,w,,َsw,40,24.2,140,36.5,176,|,|,#,|,|
Hc,32096,J,,̼,pS⒬,40,21.2,140,46.8,280,|,|,58.9.21,|,|
Hc,32111,l,\,ɼ,\sΒ,40,11.9,140,1.9,6,19,2,#51.11.30,32900,|
Hc,32126,l,鑃,ɽ,kHcs,40,13.6,140,22.3,29,10.4,2.5,#51.4.1,32905,|
Hc,32136,l,,,َso쎚,40,15.1,140,30.3,49,10,2.5,#51.11.25,|,|
Hc,32146,l,p,,psԗ֎rc,40,12.9,140,47.2,123,10,2.5,#51.11.26,32910,|
Hc,32181,,e_,ܷ,kHcse_Ё@ٔ\qCۊϑ,40,11.5,140,22.3,84,9.5,|,15.1.1,|,Ƃ
Hc,32206,l,,վ,psH,40,7.2,140,50.4,214,10,2.5,#51.11.27,|,|
Hc,32266,l,,,psFO8L,40,0.8,140,48.1,578,10,3.5,53.11.7,|,|
Hc,32276,J,j^R,޼ݻ,jskY쎚P,39,56.3,139,46.9,84,|,|,60.6.11,|,|
Hc,32286,l,j,,jse{e{,39,54.7,139,54,20,6.5,1.5,(50.5.23)51.11.24,|,|
Hc,32287,l,劃,,HcS劃劃,40,0,139,57,-3,10,1.5,(50.5.23)51.11.25,|,|
Hc,32296,l,܏,޼ޮ,HcS܏ڒ,39,56.3,140,6.9,6,6.5,2,#51.11.26,32915,|
Hc,32311,l,m,Ʊ,kHcsm,39,59.6,140,24.2,120,6.5,3.5,51.12.7,32920,|
Hc,32312,J,䗧,Ų,kHcsmKnR,39,54.2,140,27,210,|,|,51.9.28,|,|
Hc,32376,J,Oؓ,ɷŲ,ksؒOؓ{c,39,48.7,140,35.1,255,|,|,53.10.12,|,|
Hc,32402,,Hc,,HcsR@HcnCۑ,39,43,140,5.9,6,40.8,|,.10.30,32927,|
Hc,32407,l,〈O,лŲ,Hcs͕ӎOO쌴,39,42.4,140,17.2,41,10,2.5,#51.11.25,|,|
Hc,32408,J,m,,Hcsmʎ}^,39,48,140,13,179,|,|,60.6.14,|,|
Hc,32426,J,Z,۲,kscΒc򎚊Z,39,46.5,140,39.9,281,|,|,52.7.5,|,|
Hc,32431,J,c΍,ܺ,kscΐۓx,39,46.7,140,45.7,652,|,|,26.8.29,|,|
Hc,32451,,Ya,ճ,HcsYa֐쎚Rā@HcqCۊϑ,39,36.9,140,13.1,93,10,|,15.1.1,32965,Ƃ
Hc,32466,l,p,,kspْcL̍,39,36.2,140,33.4,56,10,2,#51.11.18,32930,|
Hc,32476,l,c,ܺ,kscΐۓ{̌,39,41.9,140,43.9,230,6.5,2,#51.11.19,|,|
Hc,32496,l,吳,޲,HcsYaVg,39,31.6,140,14,20,6.5,2,(50.5.27)51.11.20,32935,|
Hc,32551,l,,϶,slcÓ,39,29.4,140,29.7,30,10,2,#51.11.17,|,|
Hc,32571,l,{,ݼޮ,R{scp,39,21.6,140,3.3,11,6.5,1.5,#51.11.20,32940,|
Hc,32581,l,R,˶޼,R{sRVc,39,18.3,140,17.3,117,10,2.5,51.11.17,|,|
Hc,32596,l,,ֺ,s蒬,39,19.2,140,33.3,59,10,2.5,#51.4.1,32945,|
Hc,32616,l,ɂ,ƶ,ɂَsYY,39,15.3,139,54.8,7,10,1.5,#51.11.19,|,|
Hc,32626,l,,Լ,R{sz,39,14.1,140,8.2,46,10,2.5,#51.11.18,32950,|
Hc,32681,J,q,Ⱥ,R{sCq썇,39,6.2,140,17.6,200,|,|,58.9.14,|,|
Hc,32691,l,,ջ,sJm,39,11.2,140,27.8,74,10,2.5,#51.11.16,32960,|
Hc,32701,J,,˶޼پ,YScql,39,10.7,140,38.9,191,|,|,51.7.27,|,|
Hc,32771,l,̑,,sH̋{̑,38,57.6,140,31.7,335,6.5,3,#51.11.15,32955,|
,33006,l,s,Ȳ,ˌSm쒬s21n,40,24.2,141,42,70,6.5,2,#51.11.20,|,|
,33026,l,y,ϲ,ˌSyĒ厚ڑ15n,40,19.5,141,28,148,10,2,#51.11.21,|,|
,33071,l,,,ˎsx쎚n,40,17.9,141,17.9,87,6.5,2,#51.11.22,33905,|
,33086,J,,,ˌSm쒬,40,16.9,141,40,200,|,|,50.5.23,|,|
,33136,l,R`,϶,vsR`,40,8.9,141,34.3,290,10,2.5,52.10.31,|,|
,33146,l,v,,vsv24n,40,10.1,141,44.9,13,10,2,#51.11.19,33960,|
,33166,l,r,,sۓc,40,6.2,141,3,290,10,2,51.12.14,|,|
,33176,l,R,Ŷ,ˌS˒qcq,40,3.6,141,13.5,430,10,2,52.10.27,33915,|
,33186,l,,Ϸ,S7n,40,2.4,141,27.4,418,10,2,#51.12.13,33920,|
,33201,J,ˍ,ĸ,vsRˍ,40,5,141,42.7,239,|,|,53.12.21,|,|
,33206,l,,޲,ɌS㑺13n,40,0.2,141,53,8,9.4,2,51.11.22,|,|
,33226,l,菼,µ,s,39,57.1,141,3.9,275,10,2,#51.12.1,33910,|
,33231,J,,,S蒬厚15n,39,58.4,141,10,285,|,|,26.9.3,|,|
,33296,l,D,,sDc,39,52.1,141,10,205,10,2,(50.5.22)51.12.14,|,|
,33326,l,,ܲ,ɌS򒬊򎚒,39,50.8,141,47.7,105,10,2.5,#51.11.24,33965,|
,33336,l,{,,ɌS򒬏{,39,50.8,141,57.8,3,10,2,52.10.26,|,|
,33351,J,c,,SΒ3n,39,46.6,140,56.7,350,|,|,52.7.5,|,|
,33361,J,,,sM,39,46.8,141,5.8,210,|,|,17.10.21,|,|
,33371,l,,޶,s쎚OR,39,47,141,19.7,680,10,2.5,(50.11.13)51.11.25,|,|
,33421,l,,޸,SΒ40n犠c,39,41.8,140,58.5,195,8.5,2.5,#51.11.26,33925,|
,33431,,,ص,sR@nCۑ,39,41.9,141,9.9,155,15.5,|,#50.4.1,33927,|
,33441,l,E,޶,{ÎsE2n,39,39,141,21.2,760,10,2.5,5.10.7,33955,|
,33461,J,,,{Îs15n,39,38.5,141,46.4,140,|,|,23.6.14,|,Վϑ
,33472,,{,Ժ,{ÎsLP艺@{ÓʒnCۊϑ,39,38.8,141,57.9,43,20.3,|,2.10.18,33933,|
,33486,l,,ܳ,aSa꒬L4n,39,32.9,140,50.6,407,10,3,29.7.11,|,|
,33501,l,g,,gSg,39,32.8,141,7.6,125,10,2,52.1.1,|,|
,33526,l,,ܲ,{Îs,39,35.9,141,40.9,192,6.5,2,52.12.2,|,|
,33566,J,L,ֻ,ԊskLRL,39,28.8,140,58.1,300,|,|,58.11.16,|,|
,33576,,Ԋ,Ϸ,Ԋs3n@ԊqCۊϑ,39,25.7,141,8.1,90,10,|,15.1.1,|,Ƃ
,33581,l,唗,ʻ,Ԋs唗唗13n,39,28.2,141,16.7,150,10,2,#51.11.18,|,|
,33596,J,n,·ӳ,sn㕍n19n,39,27.4,141,30.4,440,|,|,17.10.20,|,|
,33611,J,,,ɌSƒ,39,26.3,141,48.4,120,|,|,12.11.17,|,|
,33616,l,Rc,,ɌSRcD}11n,39,27,141,57.4,24,6.5,2,(50.5.22)51.11.19,|,|
,33631,l,c,,aSa꒬X39n,39,18.6,140,46.6,250,10,3.5,#51.2.26,33935,|
,33671,l,,ĵ,s蒬24n,39,20.3,141,32.6,275,10,2,#51.11.22,33930,|
,33686,O,V,,ɌSƒV,39,21.6,141,54.4,2,5.5,|,23.6.14,|,Վϑ
,33711,J,,ȶ޻,_SP蒬ѐ,39,13.5,141,0.9,170,|,|,17.10.19,|,|
,33716,l,k,,ksF,39,17.3,141,6.6,61,6.5,2,#51.12.4,33940,|
,33726,J,ė,Ȼ,Bs]hėrc\,39,14,141,18.6,170,|,|,51.9.9,|,|
,33751,l,,ϲ,Ύs`,39,16.2,141,52.7,5,10,2,#51.11.20,|,|
,33776,l,,ܶŷ,Bs_q,39,8.4,141,3.8,97,10,2,#51.11.26,|,|
,33781,l,]h,,Bs]hs,39,11,141,9.7,42,10,2,#51.11.25,|,|
,33801,l,Zc,,CSZccĎ,39,8.5,141,34.4,80,10,2,52.10.20,|,|
,33831,J,^,,֎s^,39,0.7,140,51.9,350,|,|,50.5.21,33945,|
,33841,J,ߐ,Ӷ,Bsߐ쌜c,39,3,141,2.7,75,|,|,50.5.25,|,|
,33856,J,哌,޲ĳ,֎s哌򎚏m,39,2.3,141,17.8,140,|,|,17.10.18,|,|
,33871,O,Oc,ظ,OcscΒn,39,1.5,141,37.8,61,5.5,|,23.6.14,|,Վϑ
,33877,,Dn,,DnsDnԑ@DnʒnCۊϑ,39,3.8,141,42.8,37,22.2,|,#2.3.15,33947,|
,33911,l,,ɾ,֎s|R,38,56,141,7.5,32,10,2,#51.2.15,33950,|
,33921,l,X,,֎sXXk,38,55.3,141,19.8,120,10,2,#51.11.27,|,|
{,34012,l,m,,IsIqkp,38,54.8,140,49.7,525,6.5,2.5,51.11.29,34906,|
{,34026,l,C,,CsÒ,38,54.4,141,33.4,62,10,1.5,#51.12.2,|,|
{,34056,J,,޲,Is܋{,38,48.3,140,56.9,33,|,|,13.9.27,|,|
{,34096,l,n,,sq򎚖Hc,38,44.6,140,45.6,170,10,2,51.12.4,34900,|
{,34111,l,z,·,Iszٍ,38,44.1,141,0.3,25,6.5,2.5,#51.2.23,|,|
{,34171,l,ĎR,,oĎsĎR쎚I,38,37.6,141,11.3,5,6.5,2,(50.5.21)51.11.30,|,|
{,34186,l,uÐ,޶,{gSOuÐ쎚,38,40.9,141,26.9,39,10,2,#51.12.1,|,|
{,34206,J,,,Sܖ򗉌,38,34.3,140,43.6,195,|,|,17.10.21,|,|
{,34216,l,Ð,ٶ,sÐ莚x,38,35.9,140,54.7,28,6.5,1.5,#51.12.3,34910,|
{,34231,O,,ɳ,ΊsÎR],38,33.6,141,14.7,5,5.5,|,23.6.14,|,Վϑ
{,34241,J,Y,,ΊsYYY,38,31.2,141,27.9,24,|,|,50.5.13,|,|
{,34262,J,Px,ж޹,s敟xR,38,24.4,140,43.3,630,|,|,17.10.26,|,|
{,34266,l,t,,St̕,38,28.4,140,53.3,57,10,1.5,#51.12.3,|,|
{,34276,l,,޲,sL̉Y,38,27.6,141,5.5,3,10,2,#51.12.1,|,|
{,34286,O,,˶޼¼,s{嗭,38,25.6,141,12.8,4,5.5,|,23.6.14,|,Վϑ
{,34292,,Ί,Ϸ,Ίs򒬁@ΊʒnCۊϑ,38,25.6,141,17.9,43,28.6,|,2.1.25,34913,|
{,34296,O,,Ŷ,S쒬l匴,38,27.2,141,26.4,35,5.5,1.5,23.5.13,|,Վϑ
{,34311,l,V,Ư,stV쎚K,38,18.2,140,38.2,265,10,2,#51.11.30,34915,|
{,34331,l,,,}sɕې,38,20.3,141,0.8,105,10,1.5,(50.5.21)51.11.30,|,|
{,34361,l,]m,ɼ,S쒬]rM,38,23.9,141,35.8,40,|,1.5,53.11.21,|,CAJ
{,34361,l,]m,ɼ,S쒬]rM,38,23.8,141,35.8,33,5.4,|,53.11.21,|,A
{,34392,,,޲,s{ܗց@ǋCۑ,38,15.7,140,53.8,39,52.6,|,#57.3.1,34917,|
{,34431,J,,,s̓m,38,6.4,140,52.6,4,|,|,23.6.14,|,Վϑ
{,34436,,,,sc쌴@q󑪌,38,8.3,140,55,2,9.7,|,15.1.1,|,Ƃ
{,34461,l,,۲,Ύs܎aR,38,0.9,140,36.7,86,10,2,#51.11.25,34920,|
{,34462,l,,޵,cS厚򎚓~,38,7.6,140,40.8,112,6.5,2,17.10.27,|,|
{,34471,l,j,,jSjc,38,1.5,140,51.5,4,10,1.5,#51.11.29,|,|
{,34506,l,ېX,,ɋSېXږԊڎRV,37,55.9,140,46.7,18,10,1.5,52.11.4,|,|
{,34526,J,M,˯,ɋSېXM᎚ac,37,49.6,140,43.7,305,|,|,53.11.10,|,|
R`,35002,l,,޼,cs򓇎Y,39,11,139,32.6,58,20.5,1.5,62.11.10,|,|
R`,35052,,c,,csTP@cʒnCۊϑ,38,54.5,139,50.6,3,26.6,|,#59.2.9,35955,|
R`,35056,J,c,,csn^q,38,57.9,139,59.9,65,|,|,29.12.20,|,|
R`,35071,l,,,ŏS^쒬,38,55.1,140,12,88,9,3.5,#51.11.30,|,|
R`,35086,,l,Ŷ,csl@qCۊϑ,38,48.7,139,47.2,22,10,|,15.1.1,|,Ƃ
R`,35116,l,R,,ŏSRR{,38,52.7,140,19.9,170,10,1.5,#51.11.29,35900,|
R`,35141,l,߉,ٵ,߉sђ,38,44.1,139,49.7,16,6.5,1.5,#51.12.2,|,|
R`,35146,l,,ض,cS쎚q,38,48,139,58.4,17,10,3,#51.12.2,35905,|
R`,35162,,V,ݼޮ,VsJnc@VʒnCۊϑ,38,45.4,140,18.7,105,31.6,|,#60.11.1,35907,|
R`,35171,J,,,ŏSŏ㒬x,38,45.3,140,24.8,150,|,|,#,|,|
R`,35176,l,,Ѷ,ŏSŏ㒬,38,45.5,140,31,212,10,3.5,(49.12.18)51.11.26,35950,|
R`,35201,J,,޷,߉sjrj,38,40.3,139,50.9,33,|,|,#,35910,|
R`,35216,l,I,˼޵,ŏS呠R,38,36.4,140,9.8,330,8.5,1.5,51.11.27,35920,|
R`,35231,l,ԑ,Ż,ԑsV,38,36.5,140,24.7,106,9,2.5,(50.5.23)51.3.8,35915,|
R`,35246,l,lP,Ƚ޶޾,߉slP֎H,38,34,139,33.1,18,10,2,(50.5.23)51.12.3,|,|
R`,35256,J,r,׻,߉sr򎚎,38,30.4,139,46.9,273,|,|,54.4.11,|,|
R`,35332,l,R,,Rs厚vێ,38,27.6,140,20.9,80,6.5,1.5,14.6.4,|,|
R`,35334,,,˶޼,s厚HVс@R`qCۊϑ,38,24.7,140,22.2,105,10,|,15.1.1,|,Ƃ
R`,35361,l,,,RS쒬򎚒,38,23.4,139,59.6,440,10,1.5,53.12.20,35925,|
R`,35376,l,,׻,RS]{[,38,22.2,140,11.5,133,6.5,2,#51.12.3,35945,|
R`,35426,,R`,϶,R`sΒ@R`nCۑ,38,15.3,140,20.7,153,14.9,|,#50.3.17,35927,|
R`,35456,l,,Ŷ޲,sR,38,6.3,140,0.9,210,9,3,#51.12.10,35930,|
R`,35466,J,RR,Ŷ,RsRǉ~,38,7,140,12.8,270,|,|,17.10.25,|,|
R`,35486,l,,,uS,38,4.7,139,44.1,140,10,4,#51.12.8,35935,|
R`,35511,l,,,uSvÎΐ쌴,38,0.2,140,12.4,220,10,1.5,51.12.9,|,|
R`,35537,J,Ð,Ŷ¶,uSіLq,37,54.6,139,50.6,390,|,|,56.7.1,|,|
R`,35541,l,,,uSіL,37,59.9,139,57.4,250,10.4,1.5,#51.11.22,|,|
R`,35552,l,đ,Ȼ,đsAJfBA,37,54.7,140,8.6,245,9.4,1.5,17.12.1,35940,|
,36056,l,Β,,sэ⒬Β뎚ꓹ,37,53.5,140,26.2,200,6.5,3,4.10.23,36950,|
,36066,l,,Ŷ,ɒBs쒬쎚c,37,51.1,140,35.3,43,9.4,1.5,#51.12.6,|,|
,36081,O,Vn,,nSVnJn|c,37,52.5,140,55.1,10,5.5,|,23.6.14,|,Վϑ
,36106,l,O,,떃SkO扺,37,43.3,140,3.5,824,9.4,4,53.10.26,|,|
,36126,,,̸,sؒ@nCۑ,37,45.5,140,28.2,67,26.1,|,#50.3.13,36955,|
,36151,l,n,,nscܘYEG勴,37,47,140,55.5,9,6.5,1.5,#51.12.7,|,|
,36176,l,쑽,,쑽s,37,39.5,139,51.8,212,10,3.5,#51.12.13,|,|
,36196,l,hq,ܼ,sy򒬎hqRL,37,40.1,140,15.6,1220,6.5,3,51.11.16,|,|
,36221,l,ъ,,nSъڑє󎚊},37,39.9,140,43.6,463,10,1.5,51.12.4,|,|
,36231,J,,,쑊ns捂,37,38.3,140,59,17,|,|,#,|,|
,36251,l,,Ƽ,떃SÒ{m,37,35.3,139,39.4,165,10,3.5,(50.5.21)51.11.24,36905,|
,36276,l,c,ܼ,떃Sc㒬厚c,37,33.1,140,6.5,519,10,3.5,#51.11.30,36910,|
,36291,l,{,,{sFv,37,35,140,25.8,235,10,1.5,#51.12.3,|,|
,36307,J,Ó,¼,otSQ]Ó,37,33.6,140,45.2,400,|,|,52.3.23,|,|
,36342,l,R,,SR厚쎚,37,28.4,139,31.7,296,10,4.5,19.12.19,36921,|
,36361,,ᏼ,ܶ,Îᏼsޖؒ@ᏼʒnCۊϑ,37,29.3,139,54.6,212,19.1,|,#50.3.17,36923,|
,36391,l,D,˷,csDDV[@,37,26.1,140,34.6,421,6.5,1.5,#51.12.2,|,|
,36411,l,Q],д,otSQ]Yǩ,37,29.5,140,57.9,47,10,1.5,#51.12.8,|,|
,36426,l,,,ÌS,37,20.6,139,18.8,377,10.5,4.5,51.7.20,36915,|
,36461,J,Γ,,SRsΓ쒬ǎƘV,37,23.3,140,5.4,536,|,|,57.6.18,|,|
,36476,l,SR,,SRsϒcێR,37,22.1,140,19.8,249,6.5,1.5,#51.3.12,|,|
,36501,l,,ܳ,otSR,37,20.2,140,48.5,410,10,1.5,51.11.30,|,|
,36511,J,x,е,otSxl,37,20.8,141,1,50,|,|,#,|,|
,36536,l,싽,ݺ޳,ÌSÒEؕ,37,15.9,139,32.2,494,8,4.5,#51.11.19,36925,|
,36562,l,{,,␣SVhcǔ,37,16.6,140,3.8,640,9.9,2.5,63.10.5,36945,|
,36571,J,,Ŷ,{sK,37,17.3,140,13.1,317,|,|,53.8.8,|,|
,36581,,ʐ,϶,ΐSʐ쑺厚k{͂΂c@qCۊϑ,37,13.6,140,25.6,372,10,|,15.1.1,|,Ƃ
,36591,l,V,Ʋ,cS쒬Vډ,37,17.2,140,37.5,433,10,1.5,#51.12.1,|,|
,36597,J,O,ϴ,킫sOvۓc,37,14.8,140,43.4,492,|,|,26.12.3,|,|
,36611,l,L,,otSL쒬kJn,37,14,141,0,43,10,1.5,(50.5.22)51.12.13,|,|
,36641,l,c,,ÌSÒc,37,12.4,139,47.7,544,10,3,#51.11.18,36935,|
,36667,,,׶,͎ss@͓ʒnCۊϑ,37,7.9,140,12.9,355,45.3,|,6.1.28,36937,|
,36676,l,ΐ,,ΐSΐ쒬o{{,37,8.8,140,27.6,290,10,1.5,#51.11.26,|,|
,36716,l,O},ɴ,ÌSw}򑺎͌,37,0.6,139,22.5,973,10,4.5,53.10.31,36940,|
,36726,J,ڊ,ò,ÌSÒˌ,37,5.5,139,31.9,690,|,|,53.8.9,|,|
,36766,O,Óa,,ΐSÓa厚쎚,37,5.4,140,33.6,347,5.5,|,23.6.14,|,Վϑ
,36781,J,,,킫sDԒVc{,37,3.9,140,52.6,12,|,|,#,|,|
,36821,l,,˶޼׶,S厚Έ䎚Vc,36,56.3,140,24.5,183,6.5,1.5,#51.11.25,|,|
,36836,l,Rc,,킫sRcJ,36,56,140,44,25,10,1.5,21.3.6,|,|
,36846,,l,,킫slD@lʒnCۊϑ,36,56.8,140,54.2,3,|,|,#50.3.17,|,CAJA
,36846,,l,,킫sl匴F,36,57.8,140,53,5,20,|,#50.3.17,|,
,40041,J,ԉ,ſ,ksؐ쒬ԉ,36,52.1,140,38.2,370,|,|,#,|,|
,40046,l,k,׷,ks֓쒬֖{,36,50,140,46.3,5,10,1.5,#53.1.18,|,|
,40061,l,q,޲,vSqq,36,46.7,140,20.7,120,10,1.5,#53.1.13,|,|
,40066,J,c,ĸ,헤csc,36,46.7,140,28.9,270,|,|,52.7.15,|,|
,40076,J,\,ɳ,s\,36,44.6,140,35.6,395,|,|,60.6.5,|,|
,40091,l,헤{,,헤{s㏬,36,36.4,140,19.5,95,6.5,1.5,53.12.20,|,|
,40126,J,,Ŷ,헤cs쒬,36,30.9,140,28.4,17,|,|,52.7.13,|,|
,40136,l,,,s,36,34.8,140,38.7,34,10,1.5,(50.5.20)53.1.18,|,|
,40181,J,,޲,}s,36,20,140,2,40,|,|,57.6.23,|,|
,40191,l,},,}Ԏsc,36,23.7,140,14.4,72,10,1.5,#53.1.31,|,|
,40201,,,,ˎs@˒nCۑ,36,22.8,140,28,29,14.1,|,#50.3.3,40900,|
,40221,l,É,,É͎sk,36,12.1,139,43,20,10,1.5,#53.1.11,|,|
,40231,l,,,}sΓc,36,16.9,139,59.3,24,6.5,1.5,13.12.10,|,|
,40241,J,`,,Ήs`,36,14,140,11.3,27,|,|,50.5.20,|,|
,40251,J,엢,,ʎs,36,14.2,140,19.5,25,|,|,50.5.20,|,|
,40281,l,,,Ȏs{I,36,10.1,139,56.7,20,10,1.5,#53.1.11,|,|
,40311,l,gc,κ,gcs[,36,10.1,140,31.6,32,10,1.5,53.1.31,|,|
,40326,J,Ⓦ,޳,Ⓦsӓc,36,2.1,139,53.6,16,|,|,#,|,|
,40336,,,¸,Ύs@wCۑ,36,3.4,140,7.5,25,20.4,|,2.3.9,40905,|
,40341,l,yY,,yYsؓc],36,6.2,140,13.2,26,10,1.5,#53.1.12,|,|
,40391,J,]ˍ,޻,~s]ˍb,35,57.6,140,19.2,25,|,|,50.3.28,|,|
,40406,l,,,sR,35,57.8,140,37.3,37,10,1.5,#53.1.17,|,|
,40426,l,P,ح޻,Ps哿,35,53.4,140,12.7,4,9.4,1.5,(50.5.20)53.12.19,|,|
Ȗ,41011,l,ߐ{,Ž,ߐ{Sߐ{哇,37,7.4,140,2.1,749,6.6,1.5,#52.11.9,41900,|
Ȗ,41076,l,܏\,,s܏\x,36,55.3,139,41.7,620,10,1.5,(50.5.20)52.11.10,|,|
Ȗ,41091,l,,۲,ߐ{s,36,58.9,140,1.1,343,10,1.5,#52.12.26,|,|
Ȗ,41116,l,yC,,syC,36,53.5,139,34.1,925,10,1.5,52.11.10,41905,|
Ȗ,41141,l,c,,csFc,36,50.4,140,2.1,188,10,1.5,#51.2.20,|,|
Ȗ,41166,,,Ư,s{K@ʒnCۊϑ,36,44.3,139,30,1292,11.3,|,#50.11.27,41910,|
Ȗ,41171,l,s,ϲ,s,36,43.6,139,40.6,414,10,1.5,53.12.21,|,|
Ȗ,41181,l,J,,JSJ厚c,36,45.4,139,53,225,10.5,1.5,53.12.21,|,|
Ȗ,41211,J,,,s,36,38.8,139,26.9,650,|,|,50.5.20,|,|
Ȗ,41241,J,,Ȼ,JS򒬏㍂̌,36,36.4,139,59.9,148,|,|,#,|,|
Ȗ,41247,l,ߐ{GR,Ž׽,ߐ{GRsXcO,36,38.5,140,7,82,10.5,1.5,21.2.24,|,|
Ȗ,41271,l,,,s,36,35.5,139,44.1,165,10.5,1.5,#53.1.9,|,|
Ȗ,41277,,Fs{,,Fs{sۖ쒬@Fs{nCۑ,36,32.9,139,52.1,119,49.4,|,.12.20,41915,|
Ȗ,41311,J,,޳,sL㒬,36,25.9,139,35.4,120,|,|,#,|,|
Ȗ,41331,l,^,ӵ,^sĒJ,36,28.6,139,59.2,91,10,1.5,#53.1.10,|,|
Ȗ,41356,J,,,sa,36,18.1,139,28.4,28,|,|,#,|,|
Ȗ,41361,l,,,sc,36,21.8,139,34.2,68,10.8,1.5,(50.5.20)53.1.9,|,|
Ȗ,41371,J,Ȗ,,Ȗ؎s䒬,36,22.4,139,42.2,65,|,|,#,|,|
Ȗ,41376,l,R,,Rso,36,20.3,139,49.8,44,15.8,1.5,#53.1.10,|,|
Qn,42046,l,,̼,S݂Ȃݒq,36,51.8,139,3.5,700,10,4,52.11.11,42900,|
Qn,42091,l,݂Ȃ,Ŷ,S݂ȂݒKm,36,48,138,59.5,531,8.5,3,(50.5.20)52.12.23,42905,|
Qn,42106,J,Еi,,SЕic,36,46.3,139,14.3,860,|,|,52.7.19,|,|
Qn,42121,l,,,ȌSÒ,36,37,138,35.5,1223,7.5,2.5,#52.12.23,42910,|
Qn,42146,l,c,,csy㒬,36,40.1,139,1.3,390,10,1.5,#52.12.21,|,|
Qn,42186,l,V,Ŷɼޮ,ȌSV𒬈ɐ,36,35.2,138,51,354,10,1.5,(50.5.20)52.12.21,|,|
Qn,42221,l,c,,ȌSڗc,36,27.8,138,27.8,1230,10,2,#52.12.22,|,|
Qn,42241,J,YR,Ż,sYΒmb,36,28.3,138,52.4,1088,|,|,#,|,|
Qn,42251,,O,ϴ޼,Osa@OnCۑ,36,24.3,139,3.6,112,|,|,#50.2.27,42915,CAJ
Qn,42251,,O,ϴ޼,OsВ,36,23.2,139,2.3,112,12.6,|,#50.2.27,|,A
Qn,42261,J,ۍ,,ːsۍ,36,30.1,139,17,285,|,|,53.6.16,|,|
Qn,42266,l,ː,ح,ːsh,36,24.6,139,19.5,117,10,1.5,#51.2.5,|,|
Qn,42286,l,㗢,л,s㗢,36,22.6,138,53.7,183,6.5,1.5,#52.12.19,|,|
Qn,42302,l,ɐ,,ɐs{q,36,19.9,139,9.9,64,12,1.5,10.7.27,|,|
Qn,42326,l,q,ƼϷ,ÊySmcq,36,14.7,138,42.4,375,10,1.5,#52.12.20,|,|
Qn,42341,J,,̼޵,s,36,14.5,139,4.2,95,|,|,#,|,|
Qn,42366,l,ٗ,Լ,ٗюsxm,36,14.4,139,30.8,23,10.1,1.5,#53.12.22,|,|
Qn,42396,l,_,,S_厚c䓹,36,6.5,138,53.8,357,8.5,1.5,52.11.17,|,|
,43051,l,,ز,嗢S񋏒厚܌,36,6.3,139,11,128,10,1.5,(50.5.17)52.12.19,|,|
,43056,,FJ,϶,FJs@FJnCۑ,36,9,139,22.8,30,16.7,|,#50.3.3,43905,|
,43091,J,gc,ּ,sgc,36,3.2,138,58.8,275,|,|,52.8.25,|,|
,43121,J,,ɽ,s,36,3.9,139,31.3,15,|,|,50.6.11,|,|
,43126,l,v,,vsZ,36,5.2,139,38.1,12,10,1.5,#52.12.20,|,|
,43151,J,O,,sO,35,55.6,138,55.4,975,|,|,50.5.16,|,|
,43156,,,,s㒬@ʒnCۊϑ,35,59.4,139,4.4,232,17.2,|,#50.11.28,43900,|
,43157,J,YR,,sYR,35,55.2,139,4.2,400,|,|,52.6.28,|,|
,43162,J,Ƃ,ķ,SƂ풬厚쎚{V,35,59.4,139,12.4,295,|,|,12.4.28,|,|
,43171,l,R,,SR厚ԏ,35,59.1,139,20.1,44,6.5,1.5,52.12.22,|,|
,43231,J,є\,ɳ,є\s,35,50.3,139,19.3,84,|,|,#,|,|
,43241,l,,,܎s厚h,35,52.5,139,35.2,8,10,1.5,#52.12.22,|,|
,43256,l,zJ,,zJs厚kJ,35,53,139,45.4,3,10,1.5,#52.12.20,|,|
,43266,l,,ĺۻ,sy,35,46.4,139,24.8,119,10,1.5,(50.6.11)52.12.21,|,|
,44046,l,͓,޳,S,35,47.5,139,3,530,9.5,1.5,#51.12.15,|,|
,44051,J,,,Sw,35,44.1,139,7.4,420,|,|,52.8.2,|,|
,44056,l,~,,~sV,35,47.3,139,18.7,155,10,1.5,(50.5.16)51.12.14,|,|
,44071,l,n,,nΐ_,35,44.3,139,35.5,51,11.3,1.5,24.12.26,|,|
,44112,l,q,,qs{,35,40,139,19,123,49.8,1.5,58.9.30,|,|
,44116,l,{,,{sK,35,41,139,29,59,9.3,1.5,51.12.14,|,|
,44126,J,cJ,,cJ扪{,35,37.6,139,37.2,35,|,|,#,|,|
,44132,,,ĳ,ck̊ی@ǋCۑ,35,41.5,139,45,25,|,|,19.11.1,44900,CAJ
,44132,,,ĳ,ck̊ی,35,41.5,139,45.1,20,35.3,|,19.11.1,|,A
,44136,l,]ːՊC,޶ݶ,]ːՊC,35,38.3,139,51.8,5,10.2,|,#51.12.13,|,|
,44166,,Hc,,cHc`@qnCۑ,35,33.2,139,46.8,6,10,|,#5.10.12,|,Ƃ
,44172,,哇,,哇Ƃ̏@哇ʒnCۊϑ,34,44.9,139,21.7,74,27.1,|,3.12.18,|,|
,44173,,哇kmR,Ϸ,哇k̎R@哇qCۊϑ,34,46.9,139,21.6,38,9,|,15.1.1,|,Ƃ
,44191,J,,ļ,,34,31.7,139,16.9,100,|,|,26.7.25,|,|
,44207,,V,Ʋ,V쌴@VqCۊϑ,34,22.1,139,16.1,29,10,|,15.1.1,|,Ƃ
,44216,,_Ó,޼,_Ó@_ÓqCۊϑ,34,11.3,139,8,138,10,|,15.1.1,|,Ƃ
,44226,,O,Թ,O_@OʒnCۊϑ,34,7.4,139,31.2,38,13.2,|,#50.12.10,|,|
,44228,,Oؓc,Թ,Oؓc@OqCۊϑ,34,4.4,139,33.6,20,6.5,|,12.9.11,|,Ƃ
,44262,,d,Դж,䓇䒬ꋽ@䓇qCۊϑ,33,6.9,139,47.1,92,10.3,|,15.1.1,|,Ƃ
,44263,,䓇,ޮ,䓇䒬ꋽ@䓇ʒnCۊϑ,33,7.3,139,46.7,151,|,|,50.3.13,|,CAJ
,44263,,䓇,ޮ,䓇䒬ꋽ,33,6.2,139,47,74,18.1,|,50.3.13,|,A
,44281,J,,޼,,32,28,139,45.6,272,|,|,26.7.31,|,|
,44301,,,,}@Cۊϑ,27,5.5,142,11.4,3,15.8,|,61.3.18,|,|
,44316,J,꓇,ʼ,}꓇]c,26,38.1,142,9.7,32,|,|,19.8.29,|,|
,44356,,쒹,ؼ,}쒹@쒹Cۊϑ,24,17.3,153,59,7,15.8,|,22.6.1,|,|
É,50066,,xmR,̼޻,xm{sxmR@xmRʒnCۊϑ,35,21.6,138,43.6,3775,|,|,16.8.26,|,CA
t,45061,l,䑷q,޺,䑷qsVؖ,35,51.8,140,6.6,20,10,1.5,22.3.11,|,|
t,45081,l,,,s卪,35,51.5,140,30.1,37,7.9,1.5,11.10.12,|,|
t,45086,J,,ĳɼ,S,35,47.7,140,40.9,52,|,|,#,|,|
t,45106,l,D,޼,Ds~,35,42.7,140,2.6,28,7.9,1.5,11.8.3,|,|
t,45116,l,q,,qsp~O,35,43.7,140,12.7,5,10.4,1.5,(50.4.16)53.12.18,|,|
t,45121,,c,,csÍO@cqnCۑ,35,45.8,140,23.1,41,10,|,15.1.1,|,Ƃ
t,45147,,q,,qs@qnCۑ,35,44.3,140,51.4,20,28.2,|,61.8.22,45900,|
t,45181,l,Ō,ֺ˶,RSŌ,35,39.4,140,28.8,6,10,1.5,(50.5.16)53.1.10,|,|
t,45212,,t,,ts撆`@tʒnCۊϑ,35,36.1,140,6.2,3,47.9,|,56.3.30,45905,|
t,45261,l,Ό,,Όst,35,26.2,140,17.7,11,5.4,1.5,#53.1.11,|,|
t,45282,l,؍X,,؍XÎs,35,21.7,139,56.4,60,10.1,1.5,18.9.22,|,|
t,45291,l,v,,ssđ,35,23.8,140,8.9,30,9.4,1.5,53.1.11,|,|
t,45326,l,┨,,NÎs┨,35,14.1,140,5.9,120,10,1.5,53.1.12,|,|
t,45331,J,命,,΋S命쒬,35,15.1,140,12.9,70,|,|,50.5.16,|,|
t,45346,J,,,[S쒬Z,35,7.3,139,50.2,10,|,|,#,|,|
t,45361,l,,Ӷ,s,35,6.7,140,6,5,10,1.5,#53.1.13,|,|
t,45371,,Y,³,Ysn@YʒnCۊϑ,35,9,140,18.7,12,15.2,|,#50.12.7,|,|
t,45401,,َR,,َRs{@َRʒnCۊϑ,34,59.2,139,51.9,6,21.8,|,#50.3.12,|,|
_ސ,46001,J,͌,к,͌s΋^,35,36.8,139,11.6,188,|,|,#,|,|
_ސ,46046,J,͌,,͌s撆,35,34.3,139,22.2,149,|,|,50.5.16,|,|
_ސ,46061,J,g,ּ,ls`kg,35,33.1,139,39,57,|,|,50.5.16,|,|
_ސ,46076,J,O,ݻܺ,SRk_c,35,24.6,139,2.6,330,|,|,51.5.26,|,|
_ސ,46091,l,CV,,CVsVc,35,26,139,23.2,18,6.5,1.5,#53.1.17,|,|
_ސ,46106,,l,ֺ,lsR蒬@lnCۑ,35,26.3,139,39.1,39,19.8,|,#50.3.8,46900,|
_ސ,46136,J,,¶,ˎs,35,20.7,139,18.3,20,|,|,50.5.16,|,|
_ސ,46141,l,ғ,¼޳,sғC,35,19.2,139,27,5,10,1.5,4.2.10,|,|
_ސ,46161,J,,ʺ,Sm,35,13.3,139,2.5,855,|,|,#,|,|
_ސ,46166,l,c,,cs,35,16.6,139,9.3,14,10,1.5,(50.5.16)53.1.17,|,|
_ސ,46211,l,OY,г,OYs{c,35,10.7,139,37.8,42,10,1.5,#53.1.20,|,|
,48031,l,򉷐,ɻܵݾ,S򉷐򑺑厚L쌴,36,54.7,138,26.5,576,10,3,#53.11.16,48900,|
,48061,l,MZ,,㐅SMZێR,36,48.5,138,11.8,685,9.5,3,#53.11.17,48905,|
,48066,l,юR,,юRs厚юR哹,36,52.5,138,22.5,313,10,3,#53.11.16,48910,|
,48097,J,J,,k܌SJ厚y,36,49.3,137,55.8,550,|,|,58.10.13,48915,|
,48141,l,n,ʸ,k܌Snk,36,41.9,137,51.7,703,10,3,#53.11.21,48920,|
,48146,J,S,Ż,sS,36,41.3,137,57.9,778,|,|,52.6.29,|,|
,48156,,,Ŷ,s@nCۑ,36,39.7,138,11.5,418,18.8,|,#50.3.24,48925,|
,48172,J,}x,޹,㍂SRRc,36,40,138,27.4,1490,|,|,54.7.12,|,|
,48191,l,咬,,咬s咬,36,31.4,137,49.9,784,10,2,#53.11.20,48930,|
,48196,l,MBV,ݼ,sMBVqc,36,32.9,137,59.8,509,9.5,1.5,#53.11.17,|,|
,48216,l,,޲,cs,36,31.9,138,19.5,1253,10,2,(50.5.14)53.11.15,48935,|
,48247,J,,˼غ,}SёnR,36,29.2,138,4.1,985,|,|,54.7.19,|,|
,48256,l,c,,cs×,36,24,138,15.9,502,6.5,1.5,#51.3.16,|,|
,48296,l,䍂,,ܖs䍂,36,20.6,137,52.9,540,10,1.5,#53.11.21,|,|
,48321,l,,ĳ,sV,36,23,138,23,958,10,1.5,(50.5.14)53.12.1,|,|
,48331,,y,ٲ,kvSy򒬑厚Ǖ@yʒnCۊϑ,36,20.5,138,32.8,999,|,|,#50.12.2,48938,CAJ
,48331,,y,ٲ,kvSy򒬑厚q,36,20.1,138,33.8,950,18.5,|,#50.12.2,|,A
,48346,J,㍂n,к,{s܏㍂nL,36,14.9,137,38,1510,|,|,50.5.14,|,|
,48361,,{,,{s򑺁@{ʒnCۊϑ,36,14.8,137,58.2,610,17.6,|,#50.3.12,48936,|
,48363,,{,Ĳϲ,{s厚`@{qCۊϑ,36,10,137,55.3,658,10,|,15.1.1,|,Ƃ
,48371,J,,,cs,36,18.1,138,8.2,721,|,|,#,|,|
,48381,l,,ü,kvSȒc,36,16.3,138,18.8,715,10,1.5,53.12.1,|,|
,48386,l,v,,vs,36,14.8,138,28.6,683,10,1.5,#53.12.1,|,|
,48436,J,,׶޺,skR,36,6.3,138,13.7,1440,|,|,16.9.9,|,|
,48466,l,ސ,Ŷ,{sސ,36,5.3,137,41,1068,10,2,53.11.22,|,|
,48491,,zK,,zKsΊݒʂ@zKʒnCۊϑ,36,2.7,138,6.5,760,|,|,50.12.4,48937,CAJ
,48491,,zK,,zKs,36,2.4,138,6.1,759,10.8,|,50.12.4,|,A
,48516,J,k,,썲vSkؑu,36,4.3,138,36.7,1185,|,|,16.9.8,|,|
,48531,l,Jc,޺,ؑ]Sؑ]Jc,35,56.3,137,36.1,1130,10,2,53.11.24,48940,|
,48536,l,ؑc,,ؑ]Sؑc,35,56.2,137,47.2,985,11.3,|,ߌ.9.5,|,|
,48546,l,C,,ɓߌSC쒬,35,58.9,137,59,729,10,1.5,53.11.30,|,|
,48556,J,,ĵ,ɓߎs,35,57.2,138,6.5,1075,|,|,16.9.9,|,|
,48561,l,,,zKS,35,58.2,138,13.2,1017,10,1.5,#53.11.27,|,|
,48571,l,ӎR,,썲vSqӎR,35,56.9,138,28.3,1350,10,1.5,#53.11.15,|,|
,48601,J,ԎR,,ؑ]SꑺxL,35,52.3,137,30.2,2195,|,|,51.7.1,|,|
,48606,l,ؑ],̸,ؑ]Sؑ],35,50.4,137,41.3,750,8.2,1.5,51.3.25,|,|
,48621,l,ɓ,,ɓߎsVc,35,49.5,137,57.3,633,10,1.5,5.2.25,|,|
,48681,J,{c,,ɓߌS{c,35,46.4,137,53.1,1660,|,|,#,|,|
,48691,J,,޼,ɓߎsJ,35,43.6,138,5.6,905,|,|,58.6.23,|,|
,48716,J,{,,ؑ]SK{a,35,41.9,137,41.5,535,|,|,#,|,|
,48717,l,ؑ],ŷ޿,ؑ]Sؑ]Ǐ,35,36.6,137,37.2,560,10,1.5,(50.5.20)53.11.24,|,|
,48731,l,ѓ,,ɓߌSѓv,35,39.2,137,53.9,728,10,1.5,#53.11.28,|,|
,48737,J,厭,,ɓߌS厭͌,35,33.4,138,2.4,718,|,|,58.6.14,|,|
,48767,,ѓc,,ѓcsH@ѓcʒnCۊϑ,35,31.4,137,49.3,516,36.1,|,14.5.27,48945,|
,48826,l,Q,б,ɓߌSqQ,35,22.4,137,41.5,940,10,1.5,53.11.28,|,|
,48836,J,,,ɓߌS쒬,35,18.8,137,48.7,610,|,|,53.12.26,|,|
,48841,l,MZ,м,ѓcsMZac쐣,35,19.3,137,55.9,407,9.5,1.5,53.12.1,|,|
R,49036,l,,,kms򒬒J,35,51.7,138,23.2,867,10,1.5,(50.5.20)52.12.23,|,|
R,49052,J,,Һ,Rsqu,35,48.4,138,39.3,1465,|,|,20.10.21,|,|
R,49086,l,B,׻,Bs呐,35,41.6,138,26.9,341,6.6,1.5,(50.5.20)52.12.23,|,|
R,49142,,b{,,b{sѓc@b{nCۑ,35,40,138,33.2,273,26.9,|,5.3.18,49900,|
R,49151,l,,,bBs,35,39.8,138,43.5,394,9.5,1.5,#52.12.22,|,|
R,49161,l,匎,·,匎s匎,35,36.5,138,56.3,364,10,1.7,#52.12.22,|,|
R,49172,J,쌴,,쌴s,35,37.2,139,6.3,187,|,|,27.2.18,|,|
R,49187,J,xm,̼޶,싐Sxm쒬ŏ,35,33.7,138,26.9,295,|,|,25.3.14,|,|
R,49196,l,Ê,پ,b{sÊ֒,35,31.7,138,36.9,552,10,1.5,#53.11.13,|,|
R,49236,l,ؐ,ز,싐Sgؐ,35,28,138,26.5,226,10,1.5,52.12.26,|,|
R,49251,,͌,ܸ,sSxm͌ΒDÁ@͌ΓʒnCۊϑ,35,30,138,45.6,860,15.1,|,#50.12.6,49905,|
R,49256,l,R,Ŷ,sSRΑR,35,26.2,138,50.2,992,6.5,2,#52.12.27,|,|
R,49316,l,암,,싐S암암,35,17.3,138,26.7,141,9.3,1.5,#52.12.26,|,|
É,50056,J,,ײ,xm{s,35,18.7,138,34.7,530,|,|,#,|,|
É,50106,l,,,És,35,13,138,13.3,755,10,1.5,53.12.25,|,|
É,50112,J,L,ĳ,ÉsL,35,12.4,138,22.1,585,|,|,2.1.28,|,|
É,50136,l,a,,as,35,18.3,138,55.6,472,10,1.5,#51.11.29,|,|
É,50196,l,xm,̼,xms,35,11.1,138,39.8,66,10,1.5,#53.12.26,|,|
É,50206,,O,м,Os{@OʒnCۊϑ,35,6.8,138,55.5,21,15.8,|,#50.12.13,|,|
É,50226,l,v,,lsV捲vԒY,35,3.4,137,45.7,150,10,1.5,(50.5.13)53.12.20,|,|
É,50232,J,t,,lsVt쒬ܘa,35,0.7,137,56.7,486,|,|,28.9.28,|,|
É,50241,l,썪{,,YS썪{c,35,6.1,138,7.7,290,8.5,1.5,#53.12.22,|,|
É,50247,J,,ޱ,És挮,35,2.9,138,14.8,160,|,|,3.3.26,|,|
É,50261,l,,н,És拻Ò,35,3.2,138,31.3,3,8.5,1.5,53.1.18,|,|
É,50281,,ԑ,,MCsԑ@ԑʒnCۊϑ,35,2.7,139,5.5,67,12.5,|,#50.12.16,|,|
É,50296,J,F,,lsVF,34,57.5,137,44,375,|,|,51.6.25,|,|
É,50317,J,R,Ȼ,}s˒J,34,58.5,138,11.8,415,|,|,21.12.18,|,|
É,50331,,É,޵,Ésx͋ȋ@ÉnCۑ,34,58.5,138,24.2,14,16,|,#50.3.23,50900,|
É,50371,J,O,Я,lskOO,34,48.1,137,33.4,2,|,|,50.5.13,|,|
É,50386,l,V,ح,lsVD,34,53.4,137,48.8,61,10,1.5,#53.12.21,|,|
É,50391,J,Oq,и,qSXOq,34,53.7,137,56.4,114,|,|,57.9.29,|,|
É,50416,J,y,Ĳ,ɓsc,34,52.6,138,45.7,92,|,|,2.7.10,|,|
É,50426,J,P,ն޼,ɓssR,34,54,138,55.5,165,|,|,#,|,|
É,50427,J,VR,Ϸ޻,ɓsVR,34,52.3,139,1.4,1066,|,|,#,|,|
É,50456,,l,,ls捂u@lʒnCۊϑ,34,45.2,137,42.7,46,16.8,|,#50.3.19,|,|
É,50466,J,|,,|sJ,34,46.1,137,59.7,32,|,|,50.5.13,|,|
É,50476,l,eqV,Ϸ,esq,34,47.1,138,8.3,191,6.5,1.5,53.12.21,|,|
É,50477,,É`,޵,qVs@ÉqCۊϑ,34,47.7,138,11.3,132,10,|,21.6.4,|,Ƃ
É,50491,l,,»޷,ΌS蒬],34,45.3,138,47,4,10,1.5,#53.12.27,|,|
É,50506,l,,,ΌSɓ,34,46.9,139,2.9,130,8.5,1.5,#53.12.27,|,|
É,50536,l,֓c,,֓cs쓇,34,41.5,137,52.8,1,10,1.5,53.1.19,|,|
É,50551,,O,ϴ޷,OsO@OʒnCۊϑ,34,36.2,138,12.8,45,16,|,#50.12.11,|,|
É,50561,,ΘL,۳޷,ΌSɓΘLΎR@ΘLʒnCۊϑ,34,36.2,138,50.5,52,15,|,#50.3.26,|,|
m,51011,J,{,,{sH쎚ғc,35,17.9,136,51.2,11,|,|,#,|,|
m,51031,l,,,s]쌴,35,13,136,41.9,5,10.4,1.5,54.1.11,|,|
m,51056,J,,,Lcs㕽,35,13.7,137,17.1,290,|,|,52.7.1,|,|
m,51071,l,,,LcsX\KGg,35,12.7,137,30.4,505,10,1.5,(50.5.12)54.1.9,|,|
m,51077,J,PR,,k݊ySL厚Fꎚ䏊,35,13.2,137,39.6,1216,|,|,17.12.8,|,|
m,51096,J,I],ƴ,CSI]I]{Nm,35,8.2,136,47.5,2,|,|,50.5.12,|,|
m,51106,,É,ź,Ésa@ÉnCۑ,35,10,136,57.9,51,17.8,|,#50.3.19,51900,|
m,51116,l,Lc,,LcsR,35,7.9,137,10.6,75,6.7,1.5,#54.1.9,|,|
m,51192,J,,޳,LcsLc,35,4.7,137,24.8,613,|,|,17.12.5,|,|
m,51216,l,{,,{sX,34,59.7,136,56.6,32,10,1.5,24.10.17,|,|
m,51226,l,,޷,sn,34,55.1,137,11.6,47,6.4,1.5,#54.1.9,|,|
m,51241,J,,¸,Vs荂،ˌ,34,58.6,137,25.5,532,|,|,#,|,|
m,51247,l,V,ݼ,Vsx򎚍L,34,54.4,137,31.1,53,6.4,1.5,14.12.25,|,|
m,51261,,ZgA,ڱ,튊sZgA@qnCۑ,34,51.5,136,48.3,4,10,|,17.2.17,|,Ƃ
m,51271,J,F,,sFFɓߌ,34,48.7,137,1.7,12,|,|,#,|,|
m,51281,l,S,Ϻ޵,Ss_m㖼,34,50.7,137,13,55,10,1.5,54.1.10,|,|
m,51311,l,m,,mSm厚Lul,34,44.4,136,56.3,16,6.5,1.5,(50.5.12)54.1.10,|,|
m,51331,l,L,ʼ,Ls_Vcm,34,45,137,20.5,3,6.6,1.5,17.12.6,|,|
m,51346,,ɗǌ,׺,cs]ܘY@ɗǌΓʒnCۊϑ,34,37.7,137,5.6,6,10.7,|,#50.12.16,|,|
m,51356,J,c,,cs,34,37.6,137,13.3,45,|,|,#,|,|
,52041,l,͍,ܲ,ˎs͍p,36,18.3,137,6,471,10,3.7,53.11.18,52900,|
,52051,l,_,е,ˎs_a,36,19.3,137,18.5,455,10,2,53.11.20,52905,|
,52081,l,,׶,S쑺Jk,36,16.4,136,53.8,478,10,4,53.11.17,52910,|
,52111,l,Ȕ,,Rsˉ򋽍,36,14.9,137,30.2,765,10,1.5,(50.5.30)53.11.20,|,|
,52131,J,,,S쑺q,36,8.8,136,54.5,640,|,|,57.6.22,|,|
,52137,J,,,RsJ,36,10.8,137,2.7,740,|,|,2.12.21,|,|
,52146,,R,,Rsː@RʒnCۊϑ,36,9.3,137,15.2,560,18.1,|,#50.4.1,52913,|
,52152,J,O,ƭ,RsO쒬Zc,36,11.2,137,22.3,910,|,|,2.12.26,|,|
,52173,J,Ђ邪,ٶ,SshЂ邪,36,0.6,136,53.6,885,|,|,2.12.20,|,|
,52181,l,ZX,,Rs쒬ZX,36,3.6,137,2.1,1015,10,2.8,53.11.16,|,|
,52192,J,DR,,RsvX쒬,36,2.1,137,15.6,880,|,|,14.10.8,|,|
,52196,l,{VO,ϴ,Rs{VO,36,0.9,137,23.3,930,9.4,2,53.11.21,|,|
,52221,l,,Ŷ,SsꎚO,35,55.4,136,49.9,430,10,2.8,53.11.11,52915,|
,52286,l,,ʷ,CsH,35,53.3,137,12.4,425,10,1.5,#51.3.3,|,|
,52321,J,֎s,,֎s,35,43.4,136,47,351,|,|,17.12.5,|,|
,52331,l,,,SscK,35,45.4,136,58.7,250,10,1.5,#53.11.16,|,|
,52346,l,{n,Լ,Cs{n,35,45.8,137,17.3,450,10,1.5,(50.6.1)53.11.21,|,|
,52381,l,M,,{s_,35,38.3,136,36.1,190,10,2.2,#53.11.14,52920,|
,52406,l,R,,CsRDn,35,39.7,137,9.6,233,10,1.5,#53.11.22,|,|
,52421,J,tm,¹,Ðstm,35,39.7,137,25.6,461,|,|,57.6.11,|,|
,52461,l,Z,,ZsO쒆쌴,35,33.3,136,54.6,68,10,1.5,(50.5.29)53.11.15,|,|
,52476,J,,,ΌSSÒJ,35,30.9,137,13.8,650,|,|,#,|,|
,52482,l,,۶,ΌS쒬,35,35.9,137,19.1,517,9.4,1.5,10.9.29,|,|
,52511,l,K,޶,KSK쒬O,35,29.1,136,34,45,10,1.5,53.11.14,|,|
,52536,l,Z,ɶ,ZΎs,35,26.7,137,0.3,74,10,1.5,#53.11.15,|,|
,52556,l,b,,bߎsic哴,35,26.8,137,24.2,315,10,1.5,#51.3.8,|,|
,52557,l,Ð,Ŷ¶,Ðs,35,28.6,137,29.2,378,10,1.5,22.3.25,|,|
,52571,l,փP,,sjSփPփP,35,21.8,136,28,130,10,1.5,#53.11.13,52935,|
,52581,l,_,޷,_sѐX,35,20.8,136,37.2,6,10,1.5,#53.11.13,|,|
,52586,,,,򕌎s[Vہ@򕌒nCۑ,35,24,136,45.7,13,23,|,#50.4.1,52940,|
,52606,l,,,sPu,35,20.8,137,6.5,120,10,1.5,(50.5.29)53.11.24,|,|
,52642,J,Β,в,_sΒÒV,35,14.8,136,27.5,193,|,|,28.3.29,|,|
Od,53016,J,k,θ,Ȃ׎sk,35,8.6,136,32.3,125,|,|,#,|,|
Od,53041,l,K,,Ks厚]ꎚ,35,3,136,41.6,3,10,1.5,#54.1.12,|,|
Od,53061,,ls,֯,lssi@lsʒnCۊϑ,34,56.4,136,34.8,55,10.7,|,#50.12.13,|,|
Od,53091,l,TR,,TRs֐,34,52.2,136,27.2,70,10,1.5,#54.1.12,|,|
Od,53112,,,,ɉs΃Pu{@ʒnCۊϑ,34,45.7,136,8.5,159,22.1,|,60.1.30,|,|
Od,53121,J,}R,,Îs匴,34,43.5,136,18.5,810,|,|,#,|,|
Od,53133,,,,Îs蒬@ÒnCۑ,34,44,136,31.1,3,|,|,23.10.20,53900,CAJ
Od,53133,,,,ÎsL,34,43.3,136,31.5,2,15,|,23.10.20,|,A
Od,53141,J,,,sV1Ԓ,34,37.6,136,6.5,226,|,|,#,|,|
Od,53151,J,R,ʸ,ÎsRƏ,34,37.5,136,19.3,60,|,|,54.3.30,|,|
Od,53196,l,,,ɐs,34,31.7,136,39.9,10,10,1.5,#54.1.16,|,|
Od,53231,l,,,sѓ쒬,34,26.9,136,23.4,120,10,1.5,#54.1.16,|,|
Od,53257,l,H,,HsH,34,28.9,136,49.5,2,9,1.5,6.2.7,|,|
Od,53287,J,⓻,̼޻ĳ,xSIi͓,34,19.4,136,29.3,560,|,|,#,|,|
Od,53296,l,ɐ,в,xSɐDz,34,20.7,136,40.9,6,10,1.5,(53.6.15)54.1.17,|,|
Od,53307,J,,,usbꎚ,34,18.5,136,52.4,31,|,|,57.6.1,|,|
Od,53321,J,{,Զ,CS䒬v,34,16.7,136,12.5,205,|,|,53.6.1,|,|
Od,53326,l,Iɒ,Ŷ޼,kKSIk,34,12.5,136,19.6,3,10,1.5,54.1.17,|,|
Od,53378,,h,ܾ,hsz@hʒnCۊϑ,34,4.1,136,11.6,15,28.4,|,60.5.29,|,|
Od,53401,l,FV,ɱ,FsV,33,55.9,136,8.3,23,6.4,1.5,13.12.18,|,|
Od,53416,J,l,,어KSl厚,33,51.1,135,58.8,130,|,|,60.6.11,|,|
V,54012,l,,ܼ,DSYY,38,27.9,139,15.2,4,10.4,1.5,28.5.31,|,|
V,54041,l,e,ʼ޷޷,nsh莚e,38,19.8,138,30.7,58,8.1,1.5,9.3.31,|,|
V,54056,J,,,s,38,19.8,139,36.2,85,|,|,53.6.1,|,|
V,54086,l,,׶,sOV,38,13.6,139,28.7,10,8.4,2.7,#53.11.28,|,|
V,54097,J,O,е,ss,38,14.8,139,36.3,45,|,|,56.5.20,|,|
V,54157,,,,nsOڐVl@ʒnCۊϑ,38,1.7,138,14.4,6,33.8,|,7.7.7,54900,|
V,54166,l,,خ,nsÖ,38,4.4,138,26.4,2,18.8,1.5,#53.11.24,|,|
V,54167,,H,,nsHÁ@nqCۊϑ,38,3.6,138,24.8,30,10,|,15.1.1,|,Ƃ
V,54181,l,,Ŷޮ,ٓsVa,38,3.6,139,24.5,27,11.9,2.6,53.11.28,|,|
V,54191,l,,Ӿ,DS֐쑺,38,5.5,139,33.8,33,10,2.8,(50.5.2)53.11.27,54905,|
V,54232,,V,Ʋ,Vs璬@VnCۑ,37,53.6,139,1.1,4,|,|,14.11.21,54907,CAJ
V,54232,,V,Ʋ,Vs揗r,37,53.3,139,2.9,0,15.1,|,14.11.21,|,A
V,54236,,l,,Vs揼l@VqCۊϑ,37,57.3,139,6.7,1,8.4,|,15.1.1,|,Ƃ
V,54271,l,H,,nsHΖ{,37,50.5,138,18.8,11,10,1.5,(50.6.1)53.11.24,|,|
V,54296,l,V,Ʋ,VsHt揬ˏg,37,47.5,139,5.2,3,10,2.5,#53.11.21,54910,|
V,54301,J,Z,ˮ,szKO,37,50,139,14.2,9,|,|,26.7.23,|,|
V,54311,J,ԒJ,,VcsԒJh,37,50.1,139,24.9,135,|,|,51.7.30,|,|
V,54341,l,,Ϸ,Vs抪b,37,46.1,138,54.8,2,10,2.3,#53.12.22,|,|
V,54387,l,,,s̊,37,38.4,138,46,44,7.9,1.5,13.8.10,|,|
V,54396,l,O,ݼޮ,Os,37,38.4,138,57.3,9,12.5,2.5,#53.11.20,|,|
V,54406,J,,,ܐs,37,41.8,139,11.3,25,|,|,#,|,|
V,54421,l,Ð,¶,S꒬Ð,37,40.3,139,26.8,100,9.6,3,#53.11.21,54915,|
V,54462,J,{,ض,Ύs{,37,34.8,139,8.4,125,|,|,58.6.29,|,|
V,54472,J,J,,S꒬_J,37,33,139,22.2,200,|,|,4.3.27,|,|
V,54501,l,,Ŷ޵,sΒ,37,27,138,49.4,23,9.5,3,#51.2.24,54920,|
V,54506,J,Ȕ,,sȔ咬,37,28.5,138,59.5,83,|,|,#,|,|
V,54541,l,,ܻ޷,s钬,37,21.1,138,33.2,7,10,2.5,#53.11.15,54925,|
V,54566,l,,,s,37,20.8,139,2.6,222,10,5.4,(50.5.21)53.11.17,54930,|
V,54586,l,劃,,zs劃yl,37,13.5,138,19.5,13,10,2.3,53.11.14,|,|
V,54606,J,,,sV,37,17.5,138,42.1,83,|,|,52.6.21,|,|
V,54616,l,o,,s,37,13.6,138,57.8,98,10,4,#53.11.17,54935,|
V,54621,J,哒,,sܗ,37,12.3,139,3.7,240,|,|,56.5.22,|,|
V,54651,,c,,zs蒬@cʒnCۊϑ,37,6.4,138,14.8,13,18,|,#53.3.11,54937,|
V,54661,l,,Խ޶,zsˋac,37,6.4,138,27.4,126,6.5,3.5,#53.11.15,54940,|
V,54666,J,J,,zsgJ{c,37,12,138,31,206,|,|,60.6.14,|,|
V,54671,J,,޲,\s,37,7.9,138,36.4,210,|,|,52.6.21,|,|
V,54676,l,\,ĵ,\s򎚖k,37,8.6,138,43.6,170,10,4.5,#53.11.16,54945,|
V,54711,l,,Ĳ,s,37,2.6,137,52.5,8,10,2.5,#53.11.13,|,|
V,54721,l,\,ɳ,s厚,37,5,138,1.4,55,10.2,3.5,#53.11.13,54950,|
V,54737,J,,޳,zsq擛,37,1.8,138,20.6,255,|,|,60.6.14,|,|
V,54761,J,,,싛s,37,2.3,138,50.8,195,|,|,58.6.14,|,|
V,54816,l,֎R,,s厚֎Rc,36,56,138,13.3,350,10,4.3,(50.5.14)53.11.14,54955,|
V,54836,l,Ó,,SÓ쒬[,36,59.8,138,41,452,10,4.9,#53.11.16,54965,|
V,54841,l,,ջ,싛S򒬓򎚒쌴,36,56.5,138,48.6,340,10,4,#53.11.18,54960,|
V,54876,J,,ײ,sRVV,36,53.2,137,51.8,260,|,|,53.11.10,|,|
V,54892,J,M{,,s厚M{,36,53.4,138,16.5,633,|,|,60.6.13,|,|
xR,55022,l,,,VSے,36,56.2,137,33.8,43,10.1,2,29.9.27,55900,|
xR,55041,l,X,,Xs,36,51.8,136,57.6,7,10.2,1.6,53.11.18,55915,|
xR,55056,l,,,ÎsZY,36,49.3,137,25.7,48,10,1.8,#53.11.16,55905,|
xR,55063,J,Fތ,޷,sFތR,36,50.8,137,33.4,160,|,|,59.6.21,|,|
xR,55091,,,̼,s،Í{@ؓʒnCۊϑ,36,47.5,137,3.3,12,15.3,|,#50.12.12,55907,|
xR,55102,,xR,,xRs΍@xRnCۑ,36,42.5,137,12.1,9,20,|,61.1.30,55908,|
xR,55141,l,vg,,vgsܘY,36,36.6,136,57.3,69,6.5,2.1,#51.4.1,55910,|
xR,55151,,H,޼,xRsH@xRqCۊϑ,36,38.9,137,11.2,24,10,|,15.1.1,55925,Ƃ
xR,55156,J,R,,xRsԍ,36,36.5,137,17,128,|,|,59.6.28,|,|
xR,55166,l,s,в,VSs,36,40.2,137,25.4,296,10,2.8,53.11.15,|,|
xR,55191,l,v{,,vs{,36,32.7,136,52.3,91,10,2.4,#53.11.17,|,|
xR,55206,l,,µ,xRs~,36,34.2,137,9.5,124,10.1,2.5,#51.2.27,|,|
xR,55217,J,R,ϱ,VSR,36,34.6,137,23.1,379,|,|,22.3.29,|,|
xR,55252,J,܉ӎR,޶,vs̕,36,25.8,136,56.5,357,|,|,16.10.19,|,|
xR,55267,J,J,,xRsJ,36,28.4,137,14.2,215,|,|,8.10.28,55920,|
ΐ,56036,l,F,,Fs@@,37,26.8,137,17.2,4,7.5,2,#53.11.20,56900,|
ΐ,56052,,֓,ܼ,֓sPc@֓ʒnCۊϑ,37,23.4,136,53.7,5,28.1,|,61.6.20,56903,|
ΐ,56081,J,O,ݾ,֓sOk,37,15.7,136,43.7,11,|,|,#,|,|
ΐ,56093,,O,в,֓sO䒬Fq@\oqCۊϑ,37,17.6,136,57.7,219,10,|,15.7.7,|,Ƃ
ΐ,56116,l,u,,HSu꒬x̉ƒb,37,8.6,136,43.5,6,8.5,2,#53.11.21,|,|
ΐ,56146,l,,ŵ,ss43̕,37,1.8,136,59.5,58,10,1.5,#53.11.21,56905,|
ΐ,56176,l,H,ʸ,Hs,36,53.6,136,46.6,15,19.5,2,#53.11.22,|,|
ΐ,56186,l,ق,θ,قsp,36,42.7,136,41.5,42,10,2,#53.11.22,|,|
ΐ,56192,J,Bu,γ¼н,HSBu؎R,36,47.3,136,46.1,90,|,|,15.8.12,|,|
ΐ,56227,,,Ż,sO@nCۑ,36,35.3,136,38,6,48.4,|,3.10.23,56907,|
ΐ,56232,J,㉤R,,s{,36,31.2,136,44.7,420,|,|,15.7.29,|,|
ΐ,56276,l,,,s],36,22.9,136,26.1,3,10,2,53.12.1,|,|
ΐ,56286,l,R͓,ʸݶ,Rs͓,36,23.8,136,37.2,136,10,2.5,(50.5.7)53.11.24,56910,|
ΐ,56301,l,ꐛJ,޽,sR򐛒J,36,13.8,136,21.7,83,10,2,#53.11.27,56915,|
ΐ,56346,J,R,ʸݼ,Rs,36,10.8,136,37.5,470,|,|,52.7.13,|,|
ΐ,56401,J,wq,͸׼,֓sCmwq,37,51,136,55.1,8,|,|,26.8.19,|,|
,57001,l,O,и,sOR,36,14.6,136,10.4,34,9.9,2,(50.6.24)53.11.27,|,|
,57026,,t],ٴ,st]]@qCۊϑ,36,8.5,136,13.4,5,6,|,15.1.1,|,Ƃ
,57051,l,zU,,sq,36,0.7,135,59.4,30,10,1.5,53.11.27,|,|
,57066,,,̸,sL@nCۑ,36,3.3,136,13.3,9,26.1,|,#50.3.15,57903,|
,57071,J,R,,sR,35,59.9,136,21.5,70,|,|,50.5.7,|,|
,57082,l,R,,Rs򎛒86k,36,2.3,136,31.3,196,9,3.5,5.10.18,|,|
,57106,J,,,zOs,35,54.3,136,10.4,32,|,|,17.10.27,57920,|
,57121,l,,,s93֒,35,58.3,136,29.8,182,6.4,3.5,#51.3.2,57905,|
,57176,J,㓪,ح,sLM,35,54.5,136,40.1,436,|,|,57.6.1,57900,|
,57206,l,,ϼޮ,SzO,35,46,136,12,128,10,2.5,#53.11.28,57910,|
,57248,,։,ٶ,։sh@։ʒnCۊϑ,35,39.2,136,3.7,2,28,|,63.2.12,57913,|
,57286,l,l,,OSlvXq,35,36,135,55,10,10,2,(50.5.19)53.11.28,|,|
,57311,J,,,ьS{,35,28.8,135,37,3,|,|,7.11.10,|,|
,57317,l,l,,ls~,35,29,135,46.9,10,24.9,2,4.11.2,57915,|
,60026,J,P,Ŷ޾,ls]P,35,34.9,136,11.3,220,|,|,51.4.27,60900,|
,60051,l,,,sÒO,35,24.7,136,1.7,88,10,1.5,#53.11.16,60905,|
,60061,l,l,Ŷ,ls,35,25.4,136,14.5,95,10,1.5,(50.5.7)53.11.17,|,|
,60081,J,ؕ,·,sؕ,35,18.5,135,49.8,380,|,|,17.12.6,|,|
,60102,l,Č,ϲ,ČsK,35,23,136,20.6,147,6.5,1.5,13.3.30,60911,|
,60116,l,쏬,к,Îs쏬,35,14.1,135,57.4,90,10,1.5,#53.11.16,|,|
,60131,,F,˺,Fs钬@FnCۑ,35,16.5,136,14.6,87,19.7,|,#50.3.14,60915,|
,60161,J,ߍ],,ߍ]syc,35,7.6,136,5.5,90,|,|,#,|,|
,60196,l,ߍ],˶޼,ߍ]s쓌,35,3.7,136,11.4,128,6.5,1.5,(50.5.2)53.12.20,|,|
,60216,l,,,ÎsY,34,59.5,135,54.7,86,10,1.5,52.12.22,|,|
,60226,l,My,׷,bsMyq,34,54.8,136,4.8,265,10,1.5,(50.5.2)53.12.20,|,|
,60236,l,yR,,bsyRkyR,34,56.3,136,16.7,248,10,1.5,#53.12.21,|,|
s,61001,l,Ԑl,,OsO㒬ԐlVM,35,44.2,135,5.2,42,11.2,1.5,(50.5.2)52.2.28,|,|
s,61031,J,R,,OsRrR,35,37.1,135,4.3,23,|,|,#,61900,|
s,61076,l,{,,{Îsi,35,33,135,14.1,2,10.5,1.5,#53.11.15,|,|
s,61096,J,Y,,mRs,35,25.1,135,5.2,223,|,|,25.5.29,|,|
s,61111,,,ϲ,ߎs@ߓʒnCۊϑ,35,27,135,19,2,41.6,|,#50.3.26,61905,|
s,61151,J,r,,sr񒬒K,35,22.9,135,27.2,175,|,|,52.6.28,|,|
s,61187,l,mR,̸,mRsr,35,18.7,135,6.8,17,9.6,1.5,17.12.8,|,|
s,61191,J,,,s쒬,35,17.6,135,15.5,51,|,|,57.5.28,|,|
s,61192,J,Oa,,mRsOa瑩,35,13,135,13.9,105,|,|,57.6.2,|,|
s,61201,J,{,ݼޮ,DSOg{,35,15.6,135,23.7,95,|,|,50.5.2,|,|
s,61206,l,R,,OsRÌO,35,16.5,135,33,200,10,1.5,53.11.15,61910,|
s,61241,J,{m,,DSOgxc,35,10.6,135,25.2,150,|,|,57.5.26,|,|
s,61242,l,,,Osc,35,6.5,135,27.3,134,9.3,1.5,14.3.6,|,|
s,61251,J,k,θ,ssE拞k]@J,35,10.9,135,39.7,260,|,|,50.4.24,|,|
s,61286,,s,,ss搼m}a@snCۑ,35,0.8,135,43.9,41,|,|,20.3.27,61915,CAJA
s,61286,,s,,ss搼mD˒,35,0.7,135,44.1,36,17.8,|,20.3.27,|,
s,61306,J,,Ŷ޵,s,34,55.8,135,40.7,71,|,|,50.5.20,|,|
s,61326,l,c,,cӎsdl,34,49.8,135,45.6,20,10,1.5,#53.12.19,|,|
,62016,l,\,ɾ,L\S\n,34,56.9,135,27.3,235,10,1.5,#52.3.7,|,|
,62037,J,,׷,؎s厚K,34,51.6,135,33.6,78,|,|,21.12.18,|,|
,62046,l,,׶,su,34,48.5,135,40.3,26,10,1.5,(50.5.31)52.3.2,|,|
,62051,,L,Ŷ,Lsur@qCۊϑ,34,47,135,26.3,12,10,|,#52.3.9,|,Ƃ
,62078,,,,sO@ǋCۑ,34,40.9,135,31.1,23,|,|,11.2.24,62900,CAJA
,62078,,,,s擌{,34,40.5,135,32.8,1,24,|,11.2.24,|,
,62081,l,R,,sR蒬,34,40.5,135,40.6,626,9.3,1.5,#51.2.12,|,|
,62091,l,,,sS㒹[_,34,33.3,135,29.1,20,10.1,1.5,(50.5.30)52.3.3,|,|
,62096,,,Ե,s`@qCۊϑ,34,35.8,135,36,10,10,|,15.1.1,|,Ƃ
,62101,,֋,ݸ,ScKB`@֐qnCۑ,34,26,135,13.9,5,10,|,15.1.1,|,Ƃ
,62111,J,͓,Ŷ,͓s,34,25.4,135,32.6,160,|,|,#,|,|
,62131,l,F,,SF撬㐼,34,23.1,135,21,68,10,1.5,#52.3.4,|,|
,63016,l,Z,,SZX,35,37.5,134,37.6,5,9.3,1.5,#51.4.1,63900,|
,63032,J,,ݾ,SV򒬋ˉ,35,31.7,134,28.8,233,|,|,18.12.5,|,|
,63051,,L,ֵ,Ls@LʒnCۊϑ,35,32.1,134,49.3,3,16,|,#50.3.29,63905,|
,63071,l,ea썂,ɺ,Shp,35,25.9,134,35,540,6.5,1.5,17.12.14,63911,|
,63111,J,剮,,{s剮RH,35,19.9,134,39.9,150,|,|,50.5.2,|,|
,63116,J,,ֳ,{s,35,23.9,134,44.4,183,|,|,17.7.4,|,|
,63121,l,acR,,sacRc,35,19.4,134,50.9,80,10,1.5,#52.12.20,63915,|
,63201,l,,,s쒬J,35,10,134,47.5,320,10.8,1.5,#53.11.13,|,|
,63216,l,,,Ogs,35,8.2,135,3.9,98,10.1,1.5,#53.12.20,|,|
,63241,J,p,ֳ,pSp~,35,1,134,22.1,120,|,|,51.12.20,|,|
,63251,l,{,,s{s,35,5.8,134,35.1,195,10,1.5,#53.11.13,|,|
,63321,l,,̸,_S蒬V,34,57,134,44.9,72,13.9,1.5,(50.5.2)52.12.19,|,|
,63331,l,e,Ƽܷ,es䉄,34,59.9,134,59.8,72,6.5,1.5,(50.5.1)53.12.21,|,|
,63346,J,,¶,OgRs,35,1.5,135,17.6,330,|,|,#,|,|
,63366,l,S,к޵,ԕSS^,34,51.5,134,22.4,20,10,1.5,53.12.26,|,|
,63383,,PH,Ҽ,PHs_qO@PHʒnCۊϑ,34,50.3,134,40.2,38,16.2,|,20.11.21,|,|
,63411,l,Oc,,Ocs[c,34,53.7,135,12.7,150,21.6,1.5,(50.5.2)53.12.20,|,|
,63461,l,O,з,O؎suL,34,46.6,135,0.8,145,10,1.5,52.12.19,|,|
,63477,J,{,Ƽ,{s,34,45,135,20.1,38,|,|,.18.3.6,|,|
,63491,l,Ɠ,,PHsƓ^Y䎺,34,40.3,134,31.6,88,6.5,1.5,53.12.25,|,|
,63496,l,,,Ύs񌩒,34,41.2,134,52.6,3,28.6,1.5,4.3.23,|,|
,63517,,_ˋ`,޸,_ˎs_ˋ`@_ˍqCۊϑ,34,37.9,135,13.4,5,10.2,|,18.2.16,|,Ƃ
,63518,,_,,_ˎselCݒʁ@_˒nCۑ,34,41.8,135,12.7,5,|,|,19.3.28,63950,CAJ
,63518,,_,,_ˎs`,34,40.9,135,13.2,3,16,|,19.3.28,|,A
,63551,l,S,ݹ,WHs,34,28,134,50.9,5,9.3,1.5,(50.5.2)53.12.22,|,|
,63571,,F{,,F{s،ˁ@F{ʒnCۊϑ,34,18.6,134,50.9,69,14.6,|,29.11.30,|,|
,63588,l,W,,삠킶s,34,13.1,134,43.2,5,9.6,1.5,16.1.30,|,|
ޗ,64036,,ޗ,,ޗǎsI@ޗǒnCۑ,34,40.4,135,50.2,102,|,|,#50.3.19,64900,CAJ
ޗ,64036,,ޗ,,ޗǎsI,34,40.4,135,49.9,90,20.1,|,#50.3.19,|,A
ޗ,64041,l,j,,ޗǎssVFc,34,36.3,135,57.1,468,10,1.5,#53.12.22,|,|
ޗ,64056,J,c{,,Sc{,34,33.3,135,47.1,50,|,|,#,|,|
ޗ,64076,J,],,FɌS]ǘH,34,31.3,136,9.5,610,|,|,#,|,|
ޗ,64091,J,,׷,s,34,29.3,135,42.2,141,|,|,56.8.24,|,|
ޗ,64101,l,F,,FɎsFɉ|,34,29.3,135,55.9,349,10,1.5,#53.12.22,|,|
ޗ,64127,l,ܞ,޼ޮ,ܞsOݒ,34,22.8,135,43.8,190,9.5,1.5,17.12.19,|,|
ޗ,64136,J,g,ּ,gSg쒬{,34,22.7,135,54,188,|,|,3.1.16,|,|
ޗ,64161,J,V,ݶ,gSV쑺厚,34,16.2,135,53,840,|,|,22.3.25,|,|
ޗ,64206,l,kR,з,gSkR,34,8.2,136,0.3,334,10,1.5,(50.5.1)53.12.26,|,|
ޗ,64227,l,,,gS\Ð쑺,34,2.7,135,47.2,301,6.5,1.5,52.12.20,|,|
ޗ,64236,J,kR,ӷ,gSkRc,34,0.2,135,58,249,|,|,26.7.31,|,|
ޗ,64261,J,ʒuR,Ϸ,gS\Ð쑺RJ,33,55.6,135,49.8,1077,|,|,#,|,|
a̎R,65021,J,R,׷޻,I̐sؔ,34,20.8,135,26.2,840,|,|,#,|,|
a̎R,65026,l,炬,׷,ɓsS炬,34,18.6,135,31.7,142,9.4,1.5,54.1.8,|,|
a̎R,65036,l,FP,Ӷ޼,a̎RsσP,34,16.8,135,0,43,9.4,1.5,10.3.18,|,|
a̎R,65042,,a̎R,ܶ,a̎RsjŒ@a̎RnCۑ,34,13.7,135,9.8,14,|,|,5.12.1,65900,CAJ
a̎R,65042,,a̎R,ܶ,a̎RsjŒ,34,13.7,135,9.8,14,42.1,|,5.12.1,|,A
a̎R,65061,l,R,Ի,ɓsS쒬R,34,13.3,135,35.4,795,10,1.5,#54.1.8,|,|
a̎R,65106,J,,ձ,LcS󒬓,34,2.1,135,10.9,8,|,|,50.5.8,|,|
a̎R,65121,l,,н,LcSLc쒬,34,5.2,135,25.5,240,6.5,1.5,(50.5.30)54.1.9,|,|
a̎R,65127,J,얀dR,ݻ,cӎs__,34,2.4,135,34,1130,|,|,22.3.25,|,|
a̎R,65162,l,_,ح,cӎs_m,33,56.7,135,33.4,410,6.5,1.5,6.3.8,|,|
a̎R,65201,l,,,S쒬a,33,53.6,135,13,84,9.4,1.5,11.3.4,|,|
a̎R,65226,J,{{,ݸ޳,cӎs{{{{,33,50.2,135,46.4,60,|,|,50.8.18,|,|
a̎R,65256,l,I,ؽ,cӎsӘHI,33,47.5,135,30.8,160,10,1.5,(50.5.2)54.1.11,|,|
a̎R,65276,l,V{,ݸ޳,V{s,33,41.2,135,58.2,18,9.4,1.5,#54.3.13,|,|
a̎R,65288,,Il,ݷ,KSl@IlqCۊϑ,33,39.7,135,21.8,89,9.7,|,18.3.16,|,Ƃ
a̎R,65306,l,,Ƽ,KSÍ쒬,33,38.3,135,42.6,150,10,1.5,54.1.12,|,|
a̎R,65311,J,F,۶,KSߒqY,33,40.5,135,50.9,275,|,|,52.7.14,|,|
a̎R,65321,J,u,˷,KSl,33,36.3,135,28.8,17,|,|,#,|,|
a̎R,65356,,,л,KS{@ʒnCۊϑ,33,27,135,45.4,68,14.9,|,#50.3.13,|,|
R,66046,l,㒷c,Ŷ,^sfR㒷c,35,17.8,133,43.5,430,6.5,1.5,53.12.6,66900,|
R,66056,J,,,ϓcS쒬֌,35,18,133,59.2,734,|,|,56.6.2,|,|
R,66091,l,牮,,Vs牮,35,6.2,133,26.1,525,10,1.5,53.12.8,66910,|
R,66112,J,x,,ϓcS쒬xJ,35,10.7,133,48.3,480,|,|,17.12.10,|,|
R,66127,l,ދ`,ŷ,cSދ`rr,35,6.7,134,10.2,212,6.5,1.5,52.2.25,|,|
R,66136,l,,ϵ,s,35,5.9,134,19.5,207,6.5,1.5,#53.11.16,66915,|
R,66171,l,v,,^s,35,4.1,133,45.2,144,10,1.5,53.11.17,|,|
R,66186,,ÎR,,ÎRsѓc@ÎRʒnCۊϑ,35,3.8,134,0.5,146,12.4,|,#50.12.15,66920,|
R,66221,l,V,Ʋ,Vs̉,34,56.6,133,31.1,393,10,1.5,53.11.20,|,|
R,66226,J,핔,ӱ޴,^s핔,34,57.9,133,37.7,180,|,|,50.4.24,|,|
R,66237,J,,Ƽ,vČS璬,34,57.7,133,48.7,230,|,|,22.3.18,|,|
R,66251,J,Ԕ,,Ԕ֎s{,34,55.1,134,4.9,56,|,|,#,|,|
R,66276,J,wR,,swR,34,49.7,133,31.4,529,|,|,#,|,|
R,66287,J,g,,Sgk,34,49,133,42.3,340,|,|,17.12.14,|,|
R,66296,l,n,̸,Rsk挚n,34,52,133,54.2,63,7.9,1.5,#54.1.9,|,|
R,66306,l,aC,ܹ,aCSaCgc,34,48.9,134,11,35,10,1.5,#54.1.9,|,|
R,66336,l,,ʼ,sߎ,34,47.5,133,36.6,60,10,1.5,(50.4.24)54.1.10,|,|
R,66346,,,,Rsk@RqCۊϑ,34,45.4,133,51.3,239,9.7,|,15.1.1,|,Ƃ
R,66381,J,,,䌴sF䒬,34,41.1,133,26.7,390,|,|,#,|,|
R,66391,J,|,Զ,cS|O,34,37,133,37.1,18,|,|,#,|,|
R,66408,,R,,RskÓ@RnCۑ,34,41.1,133,55.5,5,|,|,8.3.25,66930,CAJ
R,66408,,R,,Rsk扺Έ,34,39.6,133,54.9,3,70.1,|,8.3.25,|,A
R,66421,l,,Ѽ,˓sWv,34,40.9,134,12.4,10,10,1.5,#54.1.19,|,|
R,66446,l,q~,׼,q~s,34,35.4,133,46.1,3,10,1.5,#54.1.9,|,|
R,66481,l,},,}sJug,34,30.1,133,29.7,0,6.5,1.5,54.1.10,|,|
R,66501,l,ʖ,,ʖsF,34,29.2,133,57,2,6.5,1.5,#51.4.1,|,|
L,67016,l,,,s쒬Vs,35,2,132,54.1,570,10,2.8,(50.4.1)53.11.22,67900,|
L,67026,J,R,޳,s钬O,35,3.4,133,11.3,729,|,|,17.11.29,|,|
L,67052,J,Nc,,OsNcCcsJ,34,55.7,132,49.8,304,|,|,17.12.5,|,|
L,67106,l,O,ּ,OsO,34,48.7,132,51,159,10,1.5,#53.11.22,|,|
L,67116,l,,,s{,34,51.6,133,1.4,300,15.4,1.5,#51.4.1,|,|
L,67126,J,,ĳޮ,s钬쓌,34,53.7,133,16.6,310,|,|,50.4.28,|,|
L,67136,J,,,RSkL,34,42.5,132,10.4,774,|,|,53.7.5,67905,|
L,67151,l,咩,,RSkL咩,34,46.1,132,27.8,399,10,2,#52.12.23,67910,|
L,67161,J,y,,|csyc,34,43.3,132,39.3,318,|,|,17.12.8,|,|
L,67191,l,,շ,_ΌS_΍cɃmJ,34,45.8,133,16.7,510,10,1.5,53.12.12,|,|
L,67211,J,,,RSkL׌,34,41.9,132,18.7,525,|,|,53.6.7,|,|
L,67212,l,v,,RS|cv_c,34,36.6,132,19.2,210,10,1.5,#53.11.24,|,|
L,67217,J,su,¼,RSkLsu,34,38.8,132,26.6,400,|,|,17.12.6,|,|
L,67231,J,bc,,|csbcc,34,41.7,132,45.6,185,|,|,50.4.28,|,|
L,67251,J,㉺,ޮ,{s㉺㉺,34,41.6,133,7,384,|,|,#,|,|
L,67271,J,R,,RS|c厚쎚쓌,34,35.8,132,10.6,987,|,|,#,|,|
L,67292,l,O,в,LskO,34,32.7,132,31.8,70,6.4,1.5,13.12.20,|,|
L,67306,J,h,,LsLhh,34,34,132,50.3,363,|,|,22.1.28,|,|
L,67316,l,,,S厚_莚c,34,35,133,3,350,8,1.5,#52.2.23,|,|
L,67326,l,{,,{sy,34,33.7,133,13.9,70,9.5,1.5,(50.4.28)54.1.11,|,|
L,67351,J,,շ,Ls擒厚ac{,34,29.9,132,17.4,206,|,|,17.12.2,|,|
L,67371,J,ua,,Lsuauax,34,29.9,132,39.6,215,|,|,52.6.30,|,|
L,67376,l,L,˶޼ۼ,Ls{,34,25,132,42,224,10,1.5,#54.1.17,|,|
L,67386,,{,ݺ޳,Os{P@LqCۊϑ,34,26.1,132,55.1,331,10.2,|,15.1.1,|,Ƃ
L,67401,,R,̸,Rsi@RʒnCۊϑ,34,26.8,133,14.8,2,14.4,|,#50.12.16,|,|
L,67421,l,sÓc,¶,ssÓc,34,21.9,132,11.4,317,10,1.5,53.12.6,|,|
L,67437,,L,ۼ,Ls㔪x@LnCۑ,34,23.9,132,27.7,4,95.4,|,63.1.1,67920,CAAJ
L,67437,,L,ۼ,Ls㔪x,34,23.9,132,27.8,3,|,|,63.1.1,|,
L,67461,l,|,,|sCY,34,19.8,132,58.9,5,10,1.5,#54.1.12,|,|
L,67471,l,,,s˓c䎛,34,16.7,133,7.4,3,10,1.5,#54.1.12,|,|
L,67496,l,|,,|s,34,13.3,132,13.2,1,25.1,1.5,#54.1.16,|,|
L,67511,,,,s󒬁@ʒnCۊϑ,34,14.4,132,33,4,27.3,|,#50.12.10,|,|
L,67566,J,q,ʼ,sq{,34,5.5,132,29.3,3,|,|,#,|,|
L,67576,l,s,ڼ϶,sYOY,34,9.9,132,44.9,48,10,1.5,21.2.25,|,|
,68022,,,޳,BSB̓m@ʒnCۊϑ,36,12.2,133,20,27,17,|,62.10.14,68955,|
,68046,,,޳л,BSB̓@BqCۊϑ,36,10.7,133,19.4,80,10,|,15.1.1,|,Ƃ
,68056,l,Cm,,BSCmCm,36,5.8,133,5.8,3,9.3,1.5,53.11.17,|,|
,68091,l,,,]sɖ{,35,31.2,132,59,3,10,1.5,#53.12.1,|,|
,68121,,,˶,o_s쒬F@o_qCۊϑ,35,24.8,132,53.4,2,10.2,|,15.1.1,|,Ƃ
,68132,,],´,]sÓc@]nCۑ,35,27.4,133,3.9,17,26.8,|,54.11.1,68960,|
,68156,l,o_,,o_sn,35,19.9,132,43.8,20,10,1.5,53.11.20,|,|
,68166,J,哌,޲ĳ,_s哌p,35,19.1,132,57.9,56,|,|,#,|,|
,68181,J,,ʸ,sꗢ,35,21,133,16.4,23,|,|,51.5.20,|,|
,68206,J,c,,o_scC,35,13.3,132,43.4,100,|,|,50.4.28,|,|
,68246,l,c,,cscc,35,11.4,132,29.8,30,10.2,1.5,#53.11.21,|,|
,68261,l,|,,_s||,35,11.8,132,48.9,215,7.9,1.5,#53.11.16,|,|
,68276,l,c,ֺ,mSo_,35,10.4,133,6.2,369,10,1.5,#53.11.16,68900,|
,68286,J,,̸,csÒ,35,4.2,132,20,8,|,|,53.12.21,|,|
,68306,l,Ԗ,,ѐΌSѓ쒬Ԗ,35,0.1,132,42.7,444,10,1.5,53.12.5,68905,|
,68346,J,],״,]Îs],34,57.2,132,20,32,|,|,51.5.18,|,|
,68351,l,{,,WqS{{,34,58.6,132,29.5,132,10,1.5,#53.11.22,|,|
,68376,,lc,,lcsҒ@lcʒnCۊϑ,34,53.8,132,4.2,19,14.8,|,#50.3.20,|,|
,68401,l,,н,WqSW쒬,34,51.2,132,31.8,327,10,1.5,(51.5.19)53.11.22,68910,|
,68421,J,O,н,lcsO͓,34,47.7,131,56.9,9,|,|,53.7.3,|,|
,68431,l,h,Ի,lcsh{,34,46.6,132,6.5,380,9.5,1.5,53.12.1,68915,|
,68436,J,g,ʻ,lcs钬g,34,46.8,132,11.8,370,|,|,52.7.21,|,|
,68456,,,,vcsc@ΌqCۊϑ,34,40.5,131,47.4,54,10.2,|,15.1.1,|,Ƃ
,68462,l,vc,Ͻ,vcsڂ̓,34,40.6,131,50.6,4,12.4,1.5,53.11.24,|,|
,68501,J,C,˷,vcsCC,34,34.3,132,1,259,|,|,52.7.26,|,|
,68516,l,Øa,,SØa쒬X,34,27.7,131,46.2,165,10,1.5,#53.11.24,|,|
,68541,l,g,ּ,Sg꒬s,34,23.5,131,53.6,250,10,1.5,18.10.31,|,|
,69006,,,,`s{@ʒnCۊϑ,35,32.6,133,14.1,2,11.7,|,#50.12.18,69910,|
,69021,l,,,SR,35,31.4,133,34,15,6.5,1.5,52.12.21,|,|
,69041,l,J,,sJJ,35,31.2,133,59.8,13,10,1.5,#53.11.14,|,|
,69052,,ΎR,,sΎR@qCۊϑ,35,31.8,134,9.9,15,10.2,|,15.1.1,|,Ƃ
,69061,l,,ܲ,SFOc,35,33.5,134,21.6,19,10,1.5,#53.11.13,|,|
,69076,,Ďq,ź,ĎqsJ@ĎqʒnCۊϑ,35,26,133,20.3,7,18.1,|,#50.3.13,69930,|
,69101,l,qg,ּ,qgsˎG,35,28.4,133,50.3,8,10,1.5,#53.11.14,69900,|
,69111,J,,,s쒬͓,35,24.8,134,1,210,|,|,57.7.1,|,|
,69122,,,į,sg@nCۑ,35,29.2,134,14.3,7,33.2,|,52.10.31,69940,|
,69152,J,R,޲,SRR̍,35,23.6,133,32.2,875,|,|,57.6.17,69905,|
,69161,J,֋,,qgs֋,35,22.7,133,45.4,150,|,|,52.7.26,|,|
,69181,J,,,s,35,19.7,134,6.8,210,|,|,57.6.11,|,|
,69196,J,,ܶ,S厚吆,35,20,134,24.3,231,|,|,52.7.26,|,|
,69222,J,],,S]{],35,17.3,133,29,155,|,|,57.6.23,|,|
,69246,l,q,,Sqq,35,15.8,134,14.4,182,6.5,1.5,#53.11.13,69915,|
,69271,l,,,S쒬Wtc,35,11.2,133,13.8,490,10,1.5,53.11.15,|,|
,71066,l,rc,,ODsrcV},34,1.4,133,47.7,214,10,1.5,#53.1.29,|,|
,71087,l,,޷,nsR,34,2.4,134,9.4,160,9.4,1.5,13.3.13,|,|
,71106,,,ĸ,sa@nCۑ,34,4,134,34.4,2,17.8,|,#50.4.1,71900,CAAJ
,71106,,,ĸ,sa,34,4,134,34.3,2,|,|,#50.4.1,|,
,71136,J,c,,nS邬cK,33,59.4,134,2.2,228,|,|,53.12.1,|,|
,71191,l,,ޮ,ODscJ,33,52,133,54.2,560,6.5,1.5,53.3.23,|,|
,71211,J,,̸ױ,YS㏟厚,33,52.7,134,23.3,290,|,|,51.5.27,|,|
,71231,l,c,,s֒c,33,50.2,134,44.5,10,10,1.5,53.1.13,|,|
,71251,l,ؓ,ĳ,߉S߉꒬ؓacVm,33,46.3,134,11.9,363,10,|,54.1.24,|,|
,71266,l,a,ܻ,CSgaY,33,43.9,134,32.3,3,15.4,1.5,#51.2.14,|,|
,71291,l,Cz,ֳ,CSCzlJ,33,36.7,134,21.3,5,10,1.5,21.2.19,|,|
,72061,l,C,,Sb,34,28.3,134,16.4,20,9.4,1.5,#53.1.10,|,|
,72086,,,,sΒ@nCۑ,34,19.1,134,3.2,9,17.5,|,#50.4.1,72900,|
,72111,,x,,xSxÒƒ@xÓʒnCۊϑ,34,16.5,133,45.1,4,12.1,|,#50.12.18,|,|
,72121,l,{,,̌S쒬{Rc,34,14.2,133,55.4,60,10,1.5,#53.1.11,|,|
,72126,,,,s쒬R@qCۊϑ,34,12.8,134,0.9,185,10,|,15.1.1,|,Ƃ
,72146,l,c,˹,s,34,12.8,134,24.4,12,10,1.5,#53.1.12,|,|
,72161,l,c,,OLscc,34,7.2,133,46.3,65,9.3,1.5,53.1.11,|,|
,72176,J,R,ح,nsnq,34,6.8,134,3,1040,|,|,#,|,|
Q,73001,l,O,м,sO{Yn,34,15,133,0.4,9,10,1.5,#53.1.19,|,|
Q,73071,J,ʐ,϶,sʐ쒬Onb,34,1.1,132,56.4,67,|,|,#,|,|
Q,73076,l,,,sRH,34,3.2,132,58.5,27,10,1.5,(50.10.1)51.2.18,|,|
Q,73126,l,,ޮ,sz,33,54.9,133,4.8,4,10.2,1.5,(50.5.1)53.1.18,|,|
Q,73141,l,Vl,Ʋ,VlsD,33,56.2,133,20.3,90,10,1.5,28.8.24,|,|
Q,73151,l,l,,lsȒ,33,58.9,133,34.9,75,10,1.5,#53.1.17,|,|
Q,73152,J,x,л,lsxR,33,54.9,133,30.6,310,|,|,53.6.29,|,|
Q,73166,,R,,Rskc@RnCۑ,33,50.6,132,46.6,32,|,|,#50.4.1,73900,CAJ
Q,73166,,R,,RsK,33,50.1,132,47.6,41,17.8,|,#50.4.1,|,A
Q,73168,,Rgc,ּ,Rsgc@RqCۊϑ,33,49.6,132,41.9,4,9.7,|,15.1.1,|,Ƃ
Q,73231,J,,Լ,sэb,33,44.3,132,53.4,460,|,|,#,|,|
Q,73247,J,A,ޮޭ,sV쉺Jb,33,47.7,133,7.9,1280,|,|,55.5.16,|,|
Q,73256,l,l,Ŷ,Fslb,33,37,132,28.8,4,6.9,1.5,#53.1.31,|,|
Q,73271,J,R,Ŷ,ɗ\sRRN,33,38.3,132,42.5,163,|,|,#,|,|
Q,73276,l,v,,㕂Sv,33,39.8,132,53.7,511,10,1.5,#53.1.20,|,|
Q,73306,l,F,,FstJb,33,30.5,132,32.1,20,10,1.5,(50.5.1)53.1.31,|,|
Q,73321,J,qz,޴ĳ,쑽Sq{,33,32.6,132,49.9,1000,|,|,#,|,|
Q,73341,l,,,FaSɕ,33,26.8,132,15.4,143,6.6,1.5,9.8.8,|,|
Q,73351,J,l,,lsܔc,33,26.9,132,26,8,|,|,#,|,|
Q,73406,l,Fa,,\sFa_,33,22,132,30.2,200,10,1.5,(50.5.1)53.1.23,|,|
Q,73442,,Fa,ܼ,FasZg@FaʒnCۊϑ,33,13.6,132,33.1,2,33.2,|,5.2.1,|,|
Q,73446,l,߉i,Ŷ,kFaSSk߉i,33,15.2,132,40.5,129,8.1,1.5,54.1.17,|,|
Q,73516,l,䑑,м,FaS쒬䑑,32,57.8,132,34.2,12,10.1,1.5,#53.1.23,|,|
m,74056,l,{,ݶ,S̒emR,33,45.9,133,20.3,550,10.4,1.5,54.1.18,|,|
m,74071,l,{R,,S{R{R,33,45.2,133,34.5,252,9.4,1.5,#53.1.1,|,|
m,74101,J,r,,Sm쒬yb,33,36.5,133,10.1,150,|,|,52.7.28,|,|
m,74126,J,ɓ,ĳ,syRcɓ,33,40.7,133,41.1,346,|,|,#,|,|
m,74136,l,,,sȏ㐼̐,33,41.9,133,52.5,210,6.5,1.5,52.12.20,|,|
m,74151,J,,ž,|SnH,33,36.9,134,6.5,450,|,|,53.10.25,|,|
m,74166,J,,,S쒬,33,30.7,133,16.3,80,|,|,#,|,|
m,74181,,m,,ms䓇@mnCۑ,33,34,133,32.9,1,15.5,|,#50.12.16,74900,|
m,74187,l,,,썑s},33,35.4,133,38.6,12,6.5,1.5,52.12.20,|,|
m,74188,,썑,ݺƯ,썑sL@mqCۊϑ,33,32.7,133,40.1,9,10.2,|,15.1.1,|,Ƃ
m,74237,J,D,,SÖ쒬D,33,25,133,5.3,428,|,|,#,|,|
m,74238,J,`R,ض,Sm쒬A,33,28.8,133,5,835,|,|,22.3.17,|,|
m,74271,l,|,,|sɔ,33,29.3,133,56,6,6.5,1.5,#52.12.19,|,|
m,74276,J,c,,|Sc쒬,33,25.6,134,0.4,17,|,|,50.4.28,|,|
m,74296,l,,ս,S쐼H,33,23.4,132,55.3,415,6.5,1.5,(50.4.23)52.12.22,|,|
m,74311,l,{,,{s,33,23.1,133,16.6,4,6.5,1.5,#52.12.22,|,|
m,74336,J,l,,ˎsl,33,24.7,134,11.9,26,|,|,#,|,|
m,74361,l,E,޶,Sl\VJ,33,12.4,133,7.7,205,6.5,1.5,#52.12.23,|,|
m,74372,,˖,л,ˎs˖@˖ʒnCۊϑ,33,15.1,134,10.6,185,|,|,18.11.28,|,CAJA
m,74372,,˖,л,ˎs˖,33,14.8,134,10.5,161,21.8,|,18.11.28,|,
m,74381,l,],ܻ,l\syp,33,10.2,132,47.5,72,10,1.5,52.12.26,|,|
m,74391,J,吳,,Sl\吳,33,11.6,132,58.3,150,|,|,#,|,|
m,74436,l,,,S,33,4.7,133,6.1,3,6.5,1.5,52.12.23,|,|
m,74447,,h,,hюsГ@hѓʒnCۊϑ,32,55.2,132,41.7,2,17.2,|,57.4.1,|,|
m,74456,l,,Ŷ,l\scPO,32,59.4,132,55.2,8,6.5,1.5,#51.2.17,|,|
m,74506,J,O,л,ysO,32,47.7,132,52.3,9,|,|,17.10.17,|,|
m,74516,,,н,ys@ʒnCۊϑ,32,43.3,133,0.6,31,14.7,|,#50.3.20,|,|
R,81011,l,{,,s{쒆,34,36.9,131,37.4,50,6.5,1.5,#52.3.7,|,|
R,81071,,,ʷ,s厚y쓇c@ʒnCۊϑ,34,24.6,131,24.3,2,11.1,|,#50.4.1,|,|
R,81116,l,J,,sJVʖ,34,22.2,131,3.3,20,10,1.5,(50.4.25)52.3.8,|,|
R,81141,J,,,Rs_,34,18.2,131,34.6,205,|,|,55.11.14,|,|
R,81151,l,,ĸ,Rs,34,23.9,131,43.5,310,6.5,1.5,#52.3.4,|,|
R,81167,J,R,׶ݻ,⍑saH|R,34,21,132,3.8,945,|,|,51.6.3,|,|
R,81196,l,Hg,ּ޲,IsHFHg,34,14.1,131,18.4,240,10,1.5,#52.3.10,|,|
R,81228,J,,,s厚쉺Ti,34,13.5,131,48.9,368,|,|,22.3.9,|,|
R,81231,l,L,۾,⍑sђL,34,15.7,131,57.1,97,6.4,1.5,#51.2.24,|,|
R,81266,l,Lc,,֎sLc厚y,34,11.2,131,4.6,40,6.5,1.5,#52.3.11,|,|
R,81271,J,,˶޼,IsےR,34,7.1,131,10.9,56,|,|,22.3.26,|,|
R,81286,,R,ϸ,RsO@RʒnCۊϑ,34,9.7,131,27.7,18,15.4,|,#50.12.18,81900,|
R,81301,J,ac,,s厚,34,8.9,131,44.1,140,|,|,53.6.29,|,|
R,81321,l,⍑,ܸ,⍑s쐼,34,9.3,132,10.7,41,10,1.5,(50.4.25)52.2.22,|,|
R,81371,l,h{,γ,h{s厚A,34,2.4,131,32,4,10,1.5,#52.3.2,|,|
R,81386,l,,,sL,34,0.6,131,52.3,27,10.2,1.5,52.3.1,|,|
R,81397,l,,,⍑sϒ,34,5.7,132,4.5,68,7.8,1.5,(50.4.1)52.2.28,|,|
R,81428,,,ɾ,֎s|蒬@֒nCۑ,33,56.9,130,55.5,3,|,|,8.6.27,81905,CAJ
R,81428,,,ɾ,֎sr,33,57.4,130,56.3,46,14.6,|,8.6.27,|,A
R,81436,,F,,FsFn@RFqCۊϑ,33,55.8,131,16.7,5,10,|,#13.12.12,|,Ƃ
R,81481,l,,Ų,sl,33,57.5,132,6.8,3,7.9,1.5,(50.4.25)52.2.25,|,|
R,81486,l,,ɼ,哇Sh哇,33,54.2,132,17.6,5,10,1.5,#52.2.24,|,|
,82036,J,C,ɼ,s厚C,33,51.8,130,2.1,49,|,|,26.9.11,|,|
,82046,l,@,Ŷ,@scF,33,48.5,130,32.3,7,6.5,1.5,(50.4.25)52.2.15,|,|
,82056,l,,,kBs̑,33,51.1,130,44.6,20,10,1.5,#52.2.17,|,|
,82068,,`k,,kBsq`k@kBqCۊϑ,33,50.7,131,2.1,7,8,|,15.1.1,|,Ƃ
,82097,J,J,˶޼,kBsq厚؉,33,46.7,130,51.9,55,|,|,24.2.15,|,|
,82101,l,s,ոʼ,ss,33,42.8,130,58.5,9,10,1.5,#52.2.18,|,|
,82136,,ђ,޶,ђˎs쓇Ö؁@ђ˓ʒnCۊϑ,33,39.1,130,41.6,37,11,|,#50.12.16,|,|
,82171,l,O,ϴ,sO,33,33.6,130,11.4,5,10,1.5,#52.3.4,|,|
,82182,,,̸,s半@ǋCۑ,33,34.9,130,22.5,3,|,|,22.2.18,82900,CAJA
,82182,,,̸,sZ{,33,34.9,130,22.6,3,34.6,|,22.2.18,|,
,82186,,,ʶ,s厚P䎚~@qnCۑ,33,35,130,27.1,9,10,|,15.1.1,|,Ƃ
,82191,l,ɕ{,޻޲,ɕ{s卲,33,29.8,130,29.4,52,10.2,1.5,52.3.2,|,|
,82206,l,Yc,,cSYc厚cm,33,33.5,130,51.3,92,6.5,1.5,(50.5.25)52.2.21,|,|
,82241,J,ǘeR,ܷ,sǋeR,33,29.3,130,21.2,83,|,|,22.3.2,|,|
,82261,l,q,,qsOޖ,33,24.4,130,41.7,38,10.1,1.5,#52.2.18,|,|
,82272,J,pFR,˺,cSYc厚pFR,33,29.3,130,55.4,823,|,|,63.9.8,|,|
,82306,l,v,,vĎsÕ{,33,18.2,130,29.6,7,13,1.5,52.3.1,|,|
,82316,J,[R,ɳ,vĎs쒬g,33,17.5,130,37.5,607,|,|,#,|,|
,82317,l,,۷,sؒ{,33,13.5,130,38.7,144,6.5,1.5,#52.2.25,|,|
,82331,J,,Ŷ,s{钬,33,9.6,130,24.2,7,|,|,50.4.25,|,|
,82361,l,喴c,,喴cs,33,0.4,130,28,40,10,1.5,#52.2.23,|,|
啪,83021,l,,,s,33,40.5,131,35.4,14,6.5,1.5,52.2.15,|,|
啪,83051,l,,Ŷ,Îs厚藯,33,35.2,131,14.7,12,10,1.5,23.3.15,|,|
啪,83061,l,L㍂c,ݺ,L㍂cs,33,34.2,131,26,5,6.5,1.5,#52.2.16,|,|
啪,83096,J,nk,޹,Îsnk哇,33,26.7,131,6.9,100,|,|,50.5.8,|,|
啪,83106,l,@,Ų,Fs@R,33,25.2,131,19,90,13.3,1.5,(50.4.24)52.2.21,|,|
啪,83121,l,nz,·,nzs厚{,33,25,131,35.8,5,10.1,1.5,53.1.10,|,|
啪,83126,,,ѻ,s厚Cc@啪qCۊϑ,33,28.7,131,44.2,5,8,|,15.1.1,|,Ƃ
啪,83137,,c,,csO{@cʒnCۊϑ,33,19.3,130,55.7,83,22.1,|,#50.12.13,|,|
啪,83191,l,,,S쒬厚,33,17.5,131,9.3,331,10,1.5,(50.4.24)52.2.22,|,|
啪,83201,l,z@,̲,Rzsz@,33,15.2,131,20.8,435,6.5,1.5,#52.2.23,|,|
啪,83216,,啪,,啪sl@啪nCۑ,33,14.1,131,37.1,5,19.8,|,#50.3.21,83900,|
啪,83226,J,,ɾ,啪s厚֎c,33,14.9,131,51.9,1,|,|,#,|,|
啪,83242,J,փ@,޷,csOÍ]쎚EXM,33,11.4,130,54.9,843,|,|,16.11.4,|,|
啪,83286,J,Pn,,Pns厚zKk,33,7.9,131,47.8,30,|,|,50.4.24,|,|
啪,83341,l,,Ƕ,Lsc,33,3.9,131,37.9,100,6.8,1.5,#52.3.3,|,|
啪,83371,l,|c,,|cs厚X,32,58.4,131,23.9,261,10,1.5,#52.3.2,|,|
啪,83401,l,,,s,32,57,131,54.1,2,10,1.5,#52.3.1,|,|
啪,83431,l,F,,sFڑ厚d,32,50.7,131,40.5,200,10,1.5,52.3.2,|,|
啪,83476,l,],ϴ,s]]Y,32,47.7,131,55.4,2,10,1.5,#52.2.28,|,|
,84012,l,kY,Ƴ,ΔnsΔnkYJLZ,34,41.9,129,26.7,63,8,1.5,7.8.2,|,|
,84072,,,,Δns@ʒnCۊϑ,34,11.8,129,17.5,4,36,|,3.9.1,|,|
,84076,,Ó,¼,ΔnsÓ{m@ΔnqCۊϑ,34,17.1,129,19.8,63,10.1,|,15.1.1,|,Ƃ
,84121,l,,,sӒG,33,48,129,43.3,97,10,1.5,52.3.11,|,|
,84122,,Γc,,sΓc铌G@qCۊϑ,33,44.9,129,47.1,12,10,|,15.1.1,|,Ƃ
,84171,,,,ˎs̏㒬@˓ʒnCۊϑ,33,21.6,129,33,58,12.4,|,#50.12.11,|,|
,84183,l,Y,³,YsuƎ҃m,33,20.5,129,42.7,14,10,1.5,23.3.15,|,|
,84266,,,,ێss@ۓʒnCۊϑ,33,9.5,129,43.6,4,35,|,14.3.27,|,|
,84341,l,L,ض,쏼YSVܓL싽㌴,32,58.9,129,7.1,11,8.4,1.5,11.12.22,|,|
,84356,l,吣,,Cs吣˒ȗǊO쌳,32,56.9,129,37.9,43,10.2,1.5,#52.2.21,|,|
,84361,J,Yx,Ŷ޳޹,s_Yk咆A}TL,32,54.5,129,44.3,510,|,|,#,|,|
,84371,,呺,,呺s@qCۊϑ,32,55,129,54.8,3,10,|,(51.4.22)8.3.25,|,Ƃ
,84441,J,|,,|snn,32,50.6,130,1.5,15,|,|,#,|,|
,84496,,,Ŷ޻,sR蒬@nCۑ,32,44,129,52,27,18.6,|,#50.3.21,84900,|
,84519,,_x,ݾ޹,_sl_@_xʒnCۊϑ,32,44.2,130,15.7,678,|,|,14.11.26,|,CAJA
,84519,,_x,ݾ޹,_sl_匦}R,32,44.1,130,15,870,10.4,|,14.11.26,|,
,84523,l,,,sV,32,45.6,130,21.7,14,10,1.5,.18.3.15,|,|
,84536,,],̸,ܓs؏꒬@]ʒnCۊϑ,32,41.6,128,49.6,25,10.2,|,#50.3.18,|,|
,84537,,,е,ܓsÒ@]qCۊϑ,32,39.9,128,49.9,77,10.1,|,15.1.1,|,Ƃ
,84561,l,V,,쓇sVÒ,32,36.7,130,11.6,13,10,1.5,(50.4.23)51.4.1,|,|
,84596,l,,ӻ޷,s꒬,32,34.7,129,44.4,190,15.4,1.5,3.3.29,|,|
,85033,l,,,Îs[q,33,27.5,129,57.3,23,10,1.5,22.2.25,|,|
,85046,J,kR,θ,sxm厚։,33,24.8,130,13.2,339,|,|,22.3.17,|,|
,85106,J,,Ľ,scO,33,23.1,130,31,25,|,|,22.3.4,|,|
,85116,l,ɖ,,ɖsԒ,33,16,129,52.7,25,8,1.5,(50.9.1)52.3.3,|,|
,85131,J,咬,,nS咬厚咬,33,13.2,130,6.7,105,|,|,ߌ.9.20,|,|
,85142,,,,swO@nCۑ,33,15.9,130,18.3,6,56.1,|,7.10.19,85900,|
,85161,l,,ڼ,s쒬厚앸,33,7,129,59.7,81,10,1.5,#52.2.24,|,|
,85166,l,,۲,nSΒ厚c,33,11,130,8.9,2,10,1.5,#52.3.2,|,|
,85176,,앛,ܿ,s앛厚䓹@qCۊϑ,33,8.9,130,18.1,2,10.1,|,15.1.1,|,Ƃ
F{,86006,l,k,θ,Rsk,33,6.9,130,41.5,119,10,1.5,#52.2.9,|,|
F{,86066,l,쏬,е,hS쏬Ԕn,33,6.2,131,4,448,10,1.5,#52.2.14,|,|
F{,86086,l,Ж,Ҳ,ʖsЖy,32,54.9,130,30.7,15,10,1.5,#52.2.10,|,|
F{,86101,l,er,,ers؊q,32,56.7,130,46.9,83,6.5,1.5,#52.2.10,|,|
F{,86111,l,hP,,hsP,32,56.8,131,2.4,487,10,1.5,53.1.11,|,|
F{,86141,,F{,,F{s拞@F{nCۑ,32,48.8,130,42.4,38,|,|,#50.3.26,86905,CAJA
F{,86141,,F{,,F{sk搴ŉz,32,49.3,130,42.9,15,15.3,|,#50.3.26,|,
F{,86146,,v,ϼ,vSv钬厚J哹@F{qCۊϑ,32,50.2,130,51.3,193,7.5,|,15.1.1,|,Ƃ
F{,86157,l,숢h,б,hS숢h͉A,32,49.9,131,0.8,394,10,|,27.1.16,86901,|
F{,86161,l,X,,hSX厚X,32,49.3,131,7.5,555,10.3,1.5,#52.2.15,|,|
F{,86181,J,Fy,,FysnV,32,42,130,39.4,6,|,|,17.12.6,|,|
F{,86197,J,Rs,,vSRsˊp,32,42.7,130,57.5,574,|,|,22.3.4,|,|
F{,86216,l,Op,н,FsOpg,32,36.7,130,28.7,60,10,1.5,(50.4.23)52.2.23,|,|
F{,86236,l,b,,vSb厚L,32,38.7,130,48.6,36,10.3,1.5,#52.2.16,|,|
F{,86271,l,,¼,Vs,32,30.9,130,26.8,2,8.1,1.5,#52.2.24,|,|
F{,86316,l,{n,,Vs{n{˔n,32,28.1,130,10.8,30,10,1.5,#52.2.25,|,|
F{,86336,l,,¼,sRV,32,28.4,130,36.4,8,10,1.5,#52.2.22,|,|
F{,86396,J,cY,ɳ,kSk厚cY̌,32,21.8,130,30.5,3,|,|,50.4.25,|,|
F{,86407,J,R],ϴ,SR]厚]`,32,18.1,130,44.8,218,|,|,2.12.7,|,|
F{,86411,J,ܖ,·,Sܖؑb,32,23.7,130,49.6,310,|,|,24.3.7,|,|
F{,86451,l,,,s앟,32,12.3,130,24.4,6,6.5,1.5,(50.4.23)52.2.21,|,|
F{,86461,J,ꏟn,,S厚ꏟni,32,14.7,130,38.7,120,|,|,17.12.7,|,|
F{,86467,,lg,ּ,lgs{@lgʒnCۊϑ,32,13,130,45.3,146,14.7,|,#50.12.13,|,|
F{,86477,l,,,S蒬k,32,13.5,130,54.3,166,6.6,1.5,(50.4.23)52.3.22,|,|
F{,86478,J,ǖ,׷,Sǖؒ厚nP,32,17.7,130,57,210,|,|,17.12.8,|,|
F{,86481,J,OJ,ϴֺ,SOqR,32,15.8,131,2.6,665,|,|,51.4.26,|,|
F{,86491,,[,޶,Vs[@[ʒnCۊϑ,32,11.8,130,1.6,3,20.5,|,#50.12.19,|,|
{,87041,l,,,PnS䒬厚{쌴,32,42.7,131,17.4,350,8,1.5,#52.2.7,|,|
{,87066,l,Í],ٴ,skYÍ],32,42.7,131,49.2,14,10.2,1.5,52.2.8,|,|
{,87071,l,Ɖ,׵,PnS܃厚Ɖ,32,38.6,131,9.4,590,6.5,1.5,54.1.12,|,|
{,87086,J,Ve,ɶ,PnSVe厚܎㉺,32,40.9,131,24.4,262,|,|,22.2.18,|,|
{,87127,J,,¶,PnSˑ厚Ƒ,32,31,131,20.1,150,|,|,54.1.10,|,|
{,87136,J,k,,sk쐅K,32,33.7,131,31.5,30,|,|,62.2.26,|,|
{,87141,,,޵,sV_H@ʒnCۊϑ,32,34.9,131,39.4,19,|,|,#50.12.11,|,CAJ
{,87141,,,޵,sc,32,34.7,131,38,8,10.1,|,#50.12.11,|,A
{,87157,J,ŗt,,PnSŗt厚,32,28.5,131,6.2,517,|,|,23.12.20,|,|
{,87181,l,,˭,s厚,32,24.5,131,36,20,9.3,1.5,#52.2.9,|,|
{,87206,l,_,ж,PnS싽_,32,23.1,131,19.9,250,6.5,1.5,54.1.11,|,|
{,87231,l,ė,Ƽ,SėǑ厚|,32,14.4,131,9.1,260,10,1.5,54.1.10,|,|
{,87251,J,s_,,Ss_厚k,32,17,131,32.5,61,|,|,22.2.17,|,|
{,87293,l,,,S璬],32,7.4,131,28.5,57,10.1,1.5,29.3.10,|,|
{,87301,l,v,ĳ,т̎s厚iR,32,2.8,130,48.6,228,6.5,1.5,#52.2.1,|,|
{,87331,l,s,,ss厚,32,3.8,131,24.8,8,10,1.5,#52.2.10,|,|
{,87346,J,т,,т̎s厚i,31,56.7,130,50.4,1150,|,|,#,|,|
{,87352,l,,Լ,юs쐼,32,0,130,57.2,276,9.3,1.5,12.9.26,|,|
{,87361,J,K,ɼ,юsK厚,31,57.4,131,9.4,182,|,|,#,|,|
{,87371,J,x,,Sx厚{uc,32,0.4,131,17.8,66,|,|,#,|,|
{,87376,,{,Ի޷,{s@{nCۑ,31,56.3,131,24.8,9,25.5,|,#50.3.31,87900,|
{,87406,l,c,,{sc쒬b,31,50.6,131,18.5,134,10,1.5,29.2.17,|,|
{,87412,,ԍ],,{s厚ԍ]@{qCۊϑ,31,52.6,131,26.9,6,10,|,15.1.1,|,Ƃ
{,87426,,s,Ժɼޮ,ssҊ@sʒnCۊϑ,31,43.8,131,4.9,154,12.4,|,#50.12.16,|,|
{,87461,J,[,̶,s厚Jb,31,38.2,131,15,130,|,|,52.6.30,|,|
{,87492,,,,sÁ@ÓʒnCۊϑ,31,34.7,131,24.4,3,|,|,21.3.10,|,CAJA
{,87492,,,,sR,31,35.8,131,24.5,5,10,|,21.3.10,|,
{,87501,l,,,Ԏs厚R,31,27.9,131,13.2,20,6.5,1.5,#52.2.3,|,|
,88061,,v,,vsԐ@vʒnCۊϑ,32,1.6,130,12,40,12.6,|,#50.12.10,|,|
,88066,J,o,,osΒ,32,5.6,130,21.1,11,|,|,50.4.24,|,|
,88081,l,,,ɍsc,32,2.8,130,37.6,175,6.5,1.5,#52.2.14,|,|
,88101,J,R,޻,FSܒ哴L,31,58.8,130,22,1060,|,|,#,|,|
,88107,l,ܔ,϶,FSܒ,31,55,130,27.3,59,6.5,1.5,#51.4.1,|,|
,88131,l,,Ŷ,Fs㍙,31,50.1,129,52,10,6.5,1.5,#52.2.19,|,|
,88151,l,,޲,Fs,31,50,130,18.9,5,6.4,1.5,#52.2.15,|,|
,88166,,a,п,saӒ[@qCۊϑ,31,48.2,130,43.1,272,8,|,#7.3.22,|,Ƃ
,88211,J,dR,Դ,FsYVJ,31,44.8,130,26.3,533,|,|,#,|,|
,88261,l,s,˶޼,ussc,31,40.1,130,19.7,40,6.5,1.5,#52.2.16,|,|
,88286,l,qV,Ϸ,sRR,31,39.7,130,50.6,387,10,1.5,(50.4.24)52.2.9,|,|
,88317,,,޼,sS@nCۑ,31,33.3,130,32.8,4,44.9,|,6.2.25,88905,|
,88331,l,Pk,θ,sPks,31,35.3,130,51.3,360,6.5,1.5,52.3.10,|,|
,88341,J,,,]sؒ,31,34.8,131,0.3,170,|,|,52.3.17,|,|
,88371,l,c,,삳܎sc{,31,24.9,130,19.5,9,8.8,1.5,#52.2.21,|,|
,88392,J,gPʕ{,ּޯ,sG,31,27.5,130,51.7,89,|,|,52.6.6,|,|
,88406,l,uzu,޼,uzusuzuuzủ,31,28.7,131,5.7,70,6.5,1.5,(50.4.24)52.2.16,|,|
,88432,l,,,s,31,23.2,130,32.4,4,8.9,1.5,#52.2.23,|,|
,88442,l,,,s,31,23.5,130,51.8,80,10,1.5,(50.4.24)52.2.25,|,|
,88447,l,̕tOc,·ϴ,̑S̕tOc,31,20.4,130,56.3,31,9.3,1.5,52.8.10,|,|
,88466,,,ϸ׻޷,s@ʒnCۊϑ,31,16.3,130,17.5,30,11,|,#50.3.24,|,|
,88486,l,wh,޽,whs\,31,15,130,38.2,5,10,1.5,#52.2.24,|,|
,88506,l,VY,ɳ,̑S̕tk,31,16.6,131,3.3,8,10,1.5,#52.2.15,|,|
,88536,l,c,,̑Sэ]c[,31,11.9,130,50.6,182,6.5,1.5,52.2.14,|,|
,88551,J,,,̑Sɍ~,31,5.6,130,41.4,27,|,|,52.6.28,|,|
,88612,,q,ȶ޼,V\sV\@qʒnCۊϑ,30,43.2,130,58.9,25,29.8,|,#50.3.26,|,|
,88621,,q,Ŷ,FьSq@qqCۊϑ,30,36.3,130,59.5,234,8,|,15.1.1,|,Ƃ
,88666,l,㒆,Ŷ,FьSqV,30,24.4,130,54.1,150,6.5,1.5,#52.2.18,|,|
,88686,,v,Ը,FьSvc@vʒnCۊϑ,30,23.1,130,39.5,37,7,|,#50.12.19,|,|
,88706,l,V,ɱ,FьSvVԎomK,30,14.1,130,33.3,60,6.5,1.5,#52.3.4,|,|
,88736,l,V,Ŷɼ,S\V,29,50.4,129,52,220,6.5,1.5,14.12.18,|,|
,88746,J,,׼,S\,29,41,129,31.7,97,|,|,26.9.17,|,|
,88756,J,zKV,ɾ,S\zKV,29,36.6,129,42.3,111,|,|,26.9.3,|,|
,88776,J,,޶׼,S\,29,13.5,129,19.7,10,|,|,26.9.3,|,|
,88781,J,,׼,S\,29,9.1,129,12.1,33,|,|,26.7.30,|,|
,88821,,},,s}厚a쎚lv@qCۊϑ,28,25.8,129,42.7,4,10,|,15.1.1,|,Ƃ
,88836,,,ž,s`@,28,22.7,129,29.7,3,20.8,|,#50.3.17,|,|
,88851,,E,,哇SE厚q@EqCۊϑ,28,19.2,129,55.6,5,10,|,(53.11.9)12.3.16,|,Ƃ
,88901,l,Ðm,,哇S˓ÐmD,28,8.6,129,18.9,2,6.5,1.5,(50.5.9)52.2.21,|,|
,88931,,V,Ϸ,哇SV钬厚Ԏp@VqCۊϑ,27,50.1,128,52.8,2,10,|,15.3.1,|,Ƃ
,88956,l,ɐ,,哇Sɐ咬ʓ,27,40.6,128,58.4,44,6.5,1.5,52.2.24,|,|
,88971,,iǕ,ɴ,哇Sat@iǕʒnCۊϑ,27,25.9,128,42.3,27,10,|,#50.4.10,|,|
,88986,,^_,ݼ,哇S^_@^_qCۊϑ,27,2.6,128,24.1,14,10.1,|,(53.10.3)12.3.16,|,Ƃ
,91011,l,ɐ,,KSɐ,26,56.9,127,56.4,14,10,1.5,52.3.16,|,|
,91021,l,,,S,26,50.1,128,16.3,232,10,1.5,#52.2.28,|,|
,91046,J,,ƶ,Sn,26,43.7,128,10.7,8,|,|,17.12.20,|,|
,91066,J,{,,S{Ӊ,26,41.1,127,53.9,25,|,|,56.7.1,|,|
,91081,J,,˶޼,S,26,37.9,128,9.2,24,|,|,56.7.1,|,|
,91096,J,,,KSl,26,35.5,127,14.3,14,|,|,15.1.1,|,|
,91107,,,ź,s{@ʒnCۊϑ,26,35.6,127,57.9,6,25.6,|,62.7.1,|,|
,91121,J,ǒJ,,SǒJg,26,24.4,127,44,90,|,|,#,|,|
,91141,,k,,KSvēk@vēqCۊϑ,26,21.8,126,42.8,7,6.9,|,15.1.1,|,Ƃ
,91146,,vē,Ҽ,KSvēӖ@vēʒnCۊϑ,26,20.2,126,48.2,5,15,|,52.3.23,|,|
,91151,J,n,ŷ,KSn쑺,26,22.4,127,8.5,7,|,|,26.8.26,|,|
,91161,J,Ӊ,,sӉ,26,19.6,127,48.3,86,|,|,#,|,|
,91166,l,{铇,Է޼,܎s^ߏ㌴,26,21.8,127,58.3,100,10,1.5,19.12.19,|,|
,91181,l,nÕ~,Ķ,KSnÕ~nÕ~,26,12.6,127,21.8,220,10,1.5,52.3.23,|,|
,91197,,ߔe,,ߔes@Cۑ,26,12.4,127,41.2,28,47.8,|,62.6.10,|,|
,91236,,,,ߔes@ߔeq󑪌,26,11.7,127,38.7,3,10,|,15.1.1,|,Ƃ
,91241,l,,Ķ,sʏ鎚ԒÐ쌴,26,9.2,127,45.9,186,10,1.5,#52.3.3,|,|
,92006,,k哌,޲ĳ,KSk哌@k哌qCۊϑ,25,56.6,131,19.6,22,9.8,|,15.1.1,|,Ƃ
,92011,,哌,޲ĳ,KS哌ݏ@哌nCۑ,25,49.7,131,13.7,15,22.5,|,54.3.14,|,|
,92012,,,ĳ,KS哌@哌qCۊϑ,25,50.8,131,15.8,48,9.8,|,15.1.1,|,Ƃ
,93012,,n,Ӽ޼,{ÓsɗǕac@nqCۊϑ,24,49.6,125,8.6,8,10,|,15.1.1,|,Ƃ
,93041,,{Ó,Ժ,{Ósǎ@{ÓnCۑ,24,47.6,125,16.7,39,13.5,|,52.3.16,|,|
,93042,,,,{Ósǎ@{ÍqCۊϑ,24,46.9,125,17.7,43,9.8,|,15.1.1,|,Ƃ
,93051,J,,޽,{ÓsӎV,24,44.6,125,24.6,55,|,|,53.1.30,|,|
,93062,,,Ŷ,{ÌSǊԑ؁@ǊԍqCۊϑ,24,39.2,124,40.5,10,9.8,|,15.1.1,|,Ƃ
,94001,l,Ɍ,,Ί_sɌ,24,30.5,124,16.8,15,6.5,1.5,52.3.10,|,|
,94011,,,ĺ,dRS^ߍ^ߍ@^ߍqCۊϑ,24,28,122,58.7,15,9.8,|,15.1.1,|,Ƃ
,94017,,^ߍ,ŸƼ,dRS^ߍ^ߍ@^ߍʒnCۊϑ,24,28,123,0.6,30,14.4,|,53.4.25,|,|
,94036,J,약,,Ί_s약,24,28,124,8.4,7,|,|,53.3.13,|,|
,94062,,\,صü,dRS|x㌴Fߗ@\ʒnCۊϑ,24,25.6,123,45.9,10,10.1,|,15.3.12,|,|
,94081,,Ί_,޷,Ί_so@Ί_nCۑ,24,20.2,124,9.8,6,28.9,|,52.3.8,|,|
,94086,,R,,Ί_sRq@Ί_qCۊϑ,24,23.7,124,14.7,31,10,|,25.3.7,|,Ƃ
,94101,l,匴,,dRS|x앗,24,15.9,123,52.3,33,10,1.5,53.3.14,|,|
,94116,l,gƊ,,dRS|xgƊ,24,3.3,123,46,38,6.5,1.5,54.3.2,|,|
