ID,FUKEN,ID,TYPE,NAME,ADDRESS,LATdeg,LATmin,LONdeg,LONmin,SDPm,WINm,TMPm,lat,lon
11016,@J,11016,,t,tsJ^@tnCۑ,45,24.9,141,40.7,3,23.5,|,45.415,141.67833333333334
11061,@J,11061,,,ts厚⑺@tqCۊϑ,45,24.2,141,48.1,8,10,|,45.403333333333336,141.80166666666668
11091,@J,11091,,{,KSKxm{@KqCۊϑ,45,14.5,141,11.2,30,10,|,45.24166666666667,141.18666666666667
11291,@J,11291,,k}K,}KS}K{@k}KʒnCۊϑ,44,56.4,142,35.1,7,17.2,|,44.94,142.585
12442,,12442,,,s{O1@nCۑ,43,45.4,142,22.3,120,46.4,|,43.75666666666667,142.37166666666667
12501,,12501,,_y,S_y2@qCۊϑ,43,40.2,142,26.8,211,10,|,43.67,142.44666666666666
13181,G,13181,,Hy,ϑOSHy3@HyʒnCۊϑ,44,21.8,141,42.0,8,21.6,|,44.36333333333334,141.7
13277,G,13277,,G,Gs咬@GʒnCۊϑ,43,56.7,141,37.9,24,16.3,|,43.945,141.63166666666666
14163,Ύ,14163,,Dy,Dysk2𐼁@DyǋCۑ,43,3.6,141,19.7,17,|,|,43.06,141.32833333333335
14296,Ύ,14296,,,ΎsX@V΍q󑪌,42,46.5,141,41.5,22,9.8,|,42.775,141.69166666666666
15356,m,15356,,〈,〈s5𓌁@〈ʒnCۊϑ,43,12.7,141,47.1,42,22.1,|,43.211666666666666,141.785
16091,u,16091,,M,Ms[@MʒnCۊϑ,43,10.9,141,0.9,25,13.6,|,43.181666666666665,141.015
16217,u,16217,,m,cSm1𓌁@mʒnCۊϑ,42,54.0,140,45.4,176,30.8,|,42.9,140.75666666666666
16252,u,16252,,s,sSsVh@sʒnCۊϑ,42,47.7,140,13.4,33,17.6,|,42.795,140.22333333333333
17036,ΰ¸,17036,,Y,ʌSYY@YʒnCۊϑ,44,34.8,142,57.8,14,16.6,|,44.58,142.96333333333334
17112,ΰ¸,17112,,,ʎs삪u@ʓʒnCۊϑ,44,20.7,143,21.3,16,13.6,|,44.345,143.355
17116,ΰ¸,17116,,ʏ,ʎs@ʍqCۊϑ,44,18.2,143,24.2,18,10.4,|,44.303333333333335,143.40333333333334
17341,ΰ¸,17341,,ԑ,ԑs䒬@ԑnCۑ,44,1.0,144,16.7,38,15.6,|,44.016666666666666,144.27833333333334
17531,ΰ¸,17531,,,ԑS󒬏ʒ@ʍqCۊϑ,43,52.8,144,9.8,33,8.6,|,43.88,144.16333333333333
18174,,18174,,W,WÌSWÒk@WÍqCۊϑ,43,34.6,144,57.6,65,10,|,43.57666666666667,144.96
18273,,18273,,,sh@ʒnCۊϑ,43,19.8,145,35.1,25,29.2,|,43.33,145.585
19347,H,19347,,ߋu,Hsߋu@HqCۊϑ,43,2.4,144,11.5,95,10,|,43.04,144.19166666666666
19432,H,19432,,H,HsK@HnCۑ,42,59.1,144,22.6,5,66.1,|,42.985,144.37666666666667
20432,\,20432,,эL,эLs4@эL,42,55.3,143,12.7,38,|,|,42.92166666666667,143.21166666666667
20551,\,20551,,эL,эLs򒬐9@эLqCۊϑ,42,44.0,143,13.0,149,10,|,42.733333333333334,143.21666666666667
20751,\,20751,,L,LSLؒʓ@LʒnCۊϑ,42,17.6,143,19.0,32,20.1,|,42.29333333333334,143.31666666666666
21187,_U,21187,,Ϗq,Ϗqs炩Β@ϏqʒnCۊϑ,42,37.4,141,32.8,6,20.2,|,42.623333333333335,141.54666666666665
21323,_U,21323,,,sR蒬@nCۑ,42,18.7,140,58.5,40,18.2,|,42.31166666666667,140.975
22327,,22327,,Y,Y͌SY͒@Y͓ʒnCۊϑ,42,9.7,142,46.6,37,18.1,|,42.16166666666667,142.77666666666667
23232,n,23232,,,َs@ْnCۑ,41,49.0,140,45.2,35,25.7,|,41.81666666666667,140.75333333333333
23281,n,23281,,,َs@ٍqCۊϑ,41,46.2,140,49.3,34,10,|,41.77,140.82166666666666
24156,wR,24156,,ĉ,KSKĉ@KqCۊϑ,42,4.3,139,25.9,49,10.4,|,42.071666666666665,139.43166666666667
24217,wR,24217,,],wRS]W_@]ʒnCۊϑ,41,52.0,140,7.4,4,19.6,|,41.86666666666667,140.12333333333333
31111,X,31111,,ނ,ނsȁ@ނʒnCۊϑ,41,17.0,141,12.6,3,11.1,|,41.28333333333333,141.21
31312,X,31312,,X,Xsԉ@XnCۑ,40,49.3,140,46.1,3,31.8,|,40.821666666666665,140.76833333333335
31386,X,31386,,XJ,Xs厚JJ@XqCۊϑ,40,44.0,140,41.3,198,10,|,40.733333333333334,140.68833333333333
31436,X,31436,,[Y,ÌyS[Y厚[Y@[YʒnCۊϑ,40,38.7,139,55.9,66,22.2,|,40.645,139.93166666666667
31602,X,31602,,,ˎsٕ@@˓ʒnCۊϑ,40,31.6,141,31.3,27,|,|,40.526666666666664,141.52166666666668
32181,Hc,32181,,e_,kHcse_{Ё@ٔ\qCۊϑ,40,11.5,140,22.3,84,9.5,|,40.19166666666667,140.37166666666667
32402,Hc,32402,,Hc,HcsR@HcnCۑ,39,43.0,140,5.9,6,40.8,|,39.71666666666667,140.09833333333333
32451,Hc,32451,,Ya,HcsYa֐쎚Rā@HcqCۊϑ,39,36.9,140,13.1,93,10,|,39.615,140.21833333333333
33431,,33431,,,sR@nCۑ,39,41.9,141,9.9,155,15.5,|,39.69833333333333,141.165
33472,,33472,,{,{ÎsLP艺@{ÓʒnCۊϑ,39,38.8,141,57.9,43,20.3,|,39.64666666666667,141.965
33576,,33576,,Ԋ,Ԋs3n@ԊqCۊϑ,39,25.7,141,8.1,90,10,|,39.428333333333335,141.135
33877,,33877,,Dn,DnsDnԑ@DnʒnCۊϑ,39,3.8,141,42.8,37,22.2,|,39.06333333333333,141.71333333333334
34292,{,34292,,Ί,Ίs򒬁@ΊʒnCۊϑ,38,25.6,141,17.9,43,28.6,|,38.42666666666667,141.29833333333335
34392,{,34392,,,s{ܗց@ǋCۑ,38,15.7,140,53.8,39,52.6,|,38.26166666666666,140.89666666666668
34436,{,34436,,,sc쌴@q󑪌,38,8.3,140,55.0,2,9.7,|,38.138333333333335,140.91666666666666
35052,R`,35052,,c,csTP@cʒnCۊϑ,38,54.5,139,50.6,3,26.6,|,38.90833333333333,139.84333333333333
35086,R`,35086,,l,csl@qCۊϑ,38,48.7,139,47.2,22,10,|,38.81166666666667,139.78666666666666
35162,R`,35162,,V,VsJnc@VʒnCۊϑ,38,45.4,140,18.7,105,31.6,|,38.75666666666667,140.31166666666667
35334,R`,35334,,,s厚HVс@R`qCۊϑ,38,24.7,140,22.2,105,10,|,38.41166666666667,140.37
35426,R`,35426,,R`,R`sΒ@R`nCۑ,38,15.3,140,20.7,153,14.9,|,38.255,140.345
36126,,36126,,,sؒ@nCۑ,37,45.5,140,28.2,67,26.1,|,37.75833333333333,140.47
36361,,36361,,ᏼ,Îᏼsޖؒ@ᏼʒnCۊϑ,37,29.3,139,54.6,212,19.1,|,37.48833333333334,139.91
36581,,36581,,ʐ,ΐSʐ쑺厚k{͂΂c@qCۊϑ,37,13.6,140,25.6,372,10,|,37.22666666666667,140.42666666666668
36667,,36667,,,͎ss@͓ʒnCۊϑ,37,7.9,140,12.9,355,45.3,|,37.13166666666667,140.215
36846,,36846,,l,킫slD@lʒnCۊϑ,36,56.8,140,54.2,3,|,|,36.946666666666665,140.90333333333334
40201,,40201,,,ˎs@˒nCۑ,36,22.8,140,28.0,29,14.1,|,36.38,140.46666666666667
40336,,40336,,,Ύs@wCۑ,36,3.4,140,7.5,25,20.4,|,36.056666666666665,140.125
41166,Ȗ,41166,,,s{K@ʒnCۊϑ,36,44.3,139,30.0,1292,11.3,|,36.73833333333333,139.5
41277,Ȗ,41277,,Fs{,Fs{sۖ쒬@Fs{nCۑ,36,32.9,139,52.1,119,49.4,|,36.54833333333333,139.86833333333334
42251,Qn,42251,,O,Osa@OnCۑ,36,24.3,139,3.6,112,|,|,36.405,139.06
43056,,43056,,FJ,FJs@FJnCۑ,36,9.0,139,22.8,30,16.7,|,36.15,139.38
43156,,43156,,,s㒬@ʒnCۊϑ,35,59.4,139,4.4,232,17.2,|,35.99,139.07333333333332
44132,,44132,,,ck̊ی@ǋCۑ,35,41.5,139,45.0,25,|,|,35.69166666666667,139.75
44166,,44166,,Hc,cHc`@qnCۑ,35,33.2,139,46.8,6,10,|,35.553333333333335,139.78
44172,,44172,,哇,哇Ƃ̏@哇ʒnCۊϑ,34,44.9,139,21.7,74,27.1,|,34.748333333333335,139.36166666666668
44173,,44173,,哇kmR,哇k̎R@哇qCۊϑ,34,46.9,139,21.6,38,9,|,34.781666666666666,139.36
44207,,44207,,V,V쌴@VqCۊϑ,34,22.1,139,16.1,29,10,|,34.36833333333333,139.26833333333335
44216,,44216,,_Ó,_Ó@_ÓqCۊϑ,34,11.3,139,8.0,138,10,|,34.18833333333333,139.13333333333333
44226,,44226,,O,O_@OʒnCۊϑ,34,7.4,139,31.2,38,13.2,|,34.123333333333335,139.52
44228,,44228,,Oؓc,Oؓc@OqCۊϑ,34,4.4,139,33.6,20,6.5,|,34.07333333333333,139.56
44262,,44262,,d,䓇䒬ꋽ@䓇qCۊϑ,33,6.9,139,47.1,92,10.3,|,33.115,139.785
44263,,44263,,䓇,䓇䒬ꋽ@䓇ʒnCۊϑ,33,7.3,139,46.7,151,|,|,33.12166666666667,139.77833333333334
44301,,44301,,,}@Cۊϑ,27,5.5,142,11.4,3,15.8,|,27.091666666666665,142.19
44356,,44356,,쒹,}쒹@쒹Cۊϑ,24,17.3,153,59.0,7,15.8,|,24.288333333333334,153.98333333333332
50066,É,50066,,xmR,xm{sxmR@xmRʒnCۊϑ,35,21.6,138,43.6,3775,|,|,35.36,138.72666666666666
45121,t,45121,,c,csÍO@cqnCۑ,35,45.8,140,23.1,41,10,|,35.763333333333335,140.385
45147,t,45147,,q,qs@qnCۑ,35,44.3,140,51.4,20,28.2,|,35.73833333333333,140.85666666666665
45212,t,45212,,t,ts撆`@tʒnCۊϑ,35,36.1,140,6.2,3,47.9,|,35.60166666666667,140.10333333333332
45371,t,45371,,Y,Ysn@YʒnCۊϑ,35,9.0,140,18.7,12,15.2,|,35.15,140.31166666666667
45401,t,45401,,َR,َRs{@َRʒnCۊϑ,34,59.2,139,51.9,6,21.8,|,34.986666666666665,139.865
46106,_ސ,46106,,l,lsR蒬@lnCۑ,35,26.3,139,39.1,39,19.8,|,35.43833333333333,139.65166666666667
48156,,48156,,,s@nCۑ,36,39.7,138,11.5,418,18.8,|,36.66166666666667,138.19166666666666
48331,,48331,,y,kvSy򒬑厚Ǖ@yʒnCۊϑ,36,20.5,138,32.8,999,|,|,36.34166666666667,138.54666666666665
48361,,48361,,{,{s򑺁@{ʒnCۊϑ,36,14.8,137,58.2,610,17.6,|,36.24666666666667,137.97
48363,,48363,,{,{s厚`@{qCۊϑ,36,10.0,137,55.3,658,10,|,36.166666666666664,137.92166666666665
48491,,48491,,zK,zKsΊݒʂ@zKʒnCۊϑ,36,2.7,138,6.5,760,|,|,36.045,138.10833333333332
48767,,48767,,ѓc,ѓcsH@ѓcʒnCۊϑ,35,31.4,137,49.3,516,36.1,|,35.52333333333333,137.82166666666666
49142,R,49142,,b{,b{sѓc@b{nCۑ,35,40.0,138,33.2,273,26.9,|,35.666666666666664,138.55333333333334
49251,R,49251,,͌,sSxm͌ΒDÁ@͌ΓʒnCۊϑ,35,30.0,138,45.6,860,15.1,|,35.5,138.76
50206,É,50206,,O,Os{@OʒnCۊϑ,35,6.8,138,55.5,21,15.8,|,35.11333333333334,138.925
50281,É,50281,,ԑ,MCsԑ@ԑʒnCۊϑ,35,2.7,139,5.5,67,12.5,|,35.045,139.09166666666667
50331,É,50331,,É,Ésx͋ȋ@ÉnCۑ,34,58.5,138,24.2,14,16,|,34.975,138.40333333333334
50456,É,50456,,l,ls捂u@lʒnCۊϑ,34,45.2,137,42.7,46,16.8,|,34.75333333333333,137.71166666666667
50477,É,50477,,É`,qVs@ÉqCۊϑ,34,47.7,138,11.3,132,10,|,34.795,138.18833333333333
50551,É,50551,,O,OsO@OʒnCۊϑ,34,36.2,138,12.8,45,16,|,34.60333333333333,138.21333333333334
50561,É,50561,,ΘL,ΌSɓΘLΎR@ΘLʒnCۊϑ,34,36.2,138,50.5,52,15,|,34.60333333333333,138.84166666666667
51106,m,51106,,É,Ésa@ÉnCۑ,35,10.0,136,57.9,51,17.8,|,35.166666666666664,136.965
51261,m,51261,,ZgA,튊sZgA@qnCۑ,34,51.5,136,48.3,4,10,|,34.858333333333334,136.805
51346,m,51346,,ɗǌ,cs]ܘY@ɗǌΓʒnCۊϑ,34,37.7,137,5.6,6,10.7,|,34.62833333333333,137.09333333333333
52146,,52146,,R,Rsː@RʒnCۊϑ,36,9.3,137,15.2,560,18.1,|,36.155,137.25333333333333
52586,,52586,,,򕌎s[Vہ@򕌒nCۑ,35,24.0,136,45.7,13,23,|,35.4,136.76166666666666
53061,Od,53061,,ls,lssi@lsʒnCۊϑ,34,56.4,136,34.8,55,10.7,|,34.94,136.58
53112,Od,53112,,,ɉs΃Pu{@ʒnCۊϑ,34,45.7,136,8.5,159,22.1,|,34.76166666666667,136.14166666666668
53133,Od,53133,,,Îs蒬@ÒnCۑ,34,44.0,136,31.1,3,|,|,34.733333333333334,136.51833333333335
53378,Od,53378,,h,hsz@hʒnCۊϑ,34,4.1,136,11.6,15,28.4,|,34.068333333333335,136.19333333333333
54157,V,54157,,,nsOڐVl@ʒnCۊϑ,38,1.7,138,14.4,6,33.8,|,38.028333333333336,138.24
54167,V,54167,,H,nsHÁ@nqCۊϑ,38,3.6,138,24.8,30,10,|,38.06,138.41333333333333
54232,V,54232,,V,Vs璬@VnCۑ,37,53.6,139,1.1,4,|,|,37.89333333333333,139.01833333333335
54236,V,54236,,l,Vs揼l@VqCۊϑ,37,57.3,139,6.7,1,8.4,|,37.955,139.11166666666668
54651,V,54651,,c,zs蒬@cʒnCۊϑ,37,6.4,138,14.8,13,18,|,37.10666666666667,138.24666666666667
55091,xR,55091,,,s،Í{@ؓʒnCۊϑ,36,47.5,137,3.3,12,15.3,|,36.791666666666664,137.055
55102,xR,55102,,xR,xRs΍@xRnCۑ,36,42.5,137,12.1,9,20,|,36.708333333333336,137.20166666666665
55151,xR,55151,,H,xRsH@xRqCۊϑ,36,38.9,137,11.2,24,10,|,36.64833333333333,137.18666666666667
56052,ΐ,56052,,֓,֓sPc@֓ʒnCۊϑ,37,23.4,136,53.7,5,28.1,|,37.39,136.895
56093,ΐ,56093,,O,֓sO䒬Fq@\oqCۊϑ,37,17.6,136,57.7,219,10,|,37.29333333333334,136.96166666666667
56227,ΐ,56227,,,sO@nCۑ,36,35.3,136,38.0,6,48.4,|,36.58833333333333,136.63333333333333
57026,,57026,,t],st]]@qCۊϑ,36,8.5,136,13.4,5,6,|,36.141666666666666,136.22333333333333
57066,,57066,,,sL@nCۑ,36,3.3,136,13.3,9,26.1,|,36.055,136.22166666666666
57248,,57248,,։,։sh@։ʒnCۊϑ,35,39.2,136,3.7,2,28,|,35.653333333333336,136.06166666666667
60131,,60131,,F,Fs钬@FnCۑ,35,16.5,136,14.6,87,19.7,|,35.275,136.24333333333334
61111,s,61111,,,ߎs@ߓʒnCۊϑ,35,27.0,135,19.0,2,41.6,|,35.45,135.31666666666666
61286,s,61286,,s,ss搼m}a@snCۑ,35,0.8,135,43.9,41,|,|,35.013333333333335,135.73166666666665
62051,,62051,,L,Lsur@qCۊϑ,34,47.0,135,26.3,12,10,|,34.78333333333333,135.43833333333333
62078,,62078,,,sO@ǋCۑ,34,40.9,135,31.1,23,|,|,34.681666666666665,135.51833333333335
62096,,62096,,,s`@qCۊϑ,34,35.8,135,36.0,10,10,|,34.596666666666664,135.6
62101,,62101,,֋,ScKB`@֐qnCۑ,34,26.0,135,13.9,5,10,|,34.43333333333333,135.23166666666665
63051,,63051,,L,Ls@LʒnCۊϑ,35,32.1,134,49.3,3,16,|,35.535,134.82166666666666
63383,,63383,,PH,PHs_qO@PHʒnCۊϑ,34,50.3,134,40.2,38,16.2,|,34.83833333333333,134.67
63517,,63517,,_ˋ`,_ˎs_ˋ`@_ˍqCۊϑ,34,37.9,135,13.4,5,10.2,|,34.63166666666667,135.22333333333333
63518,,63518,,_,_ˎselCݒʁ@_˒nCۑ,34,41.8,135,12.7,5,|,|,34.696666666666665,135.21166666666667
63571,,63571,,F{,F{s،ˁ@F{ʒnCۊϑ,34,18.6,134,50.9,69,14.6,|,34.31,134.84833333333333
64036,ޗ,64036,,ޗ,ޗǎsI@ޗǒnCۑ,34,40.4,135,50.2,102,|,|,34.67333333333333,135.83666666666667
65042,a̎R,65042,,a̎R,a̎RsjŒ@a̎RnCۑ,34,13.7,135,9.8,14,|,|,34.22833333333333,135.16333333333333
65288,a̎R,65288,,Il,KSl@IlqCۊϑ,33,39.7,135,21.8,89,9.7,|,33.66166666666667,135.36333333333334
65356,a̎R,65356,,,KS{@ʒnCۊϑ,33,27.0,135,45.4,68,14.9,|,33.45,135.75666666666666
66186,R,66186,,ÎR,ÎRsѓc@ÎRʒnCۊϑ,35,3.8,134,0.5,146,12.4,|,35.06333333333333,134.00833333333333
66346,R,66346,,,Rsk@RqCۊϑ,34,45.4,133,51.3,239,9.7,|,34.75666666666667,133.855
66408,R,66408,,R,RskÓ@RnCۑ,34,41.1,133,55.5,5,|,|,34.685,133.925
67386,L,67386,,{,Os{P@LqCۊϑ,34,26.1,132,55.1,331,10.2,|,34.435,132.91833333333332
67401,L,67401,,R,Rsi@RʒnCۊϑ,34,26.8,133,14.8,2,14.4,|,34.446666666666665,133.24666666666667
67437,L,67437,,L,Ls㔪x@LnCۑ,34,23.9,132,27.7,4,95.4,|,34.39833333333333,132.46166666666667
67511,L,67511,,,s󒬁@ʒnCۊϑ,34,14.4,132,33.0,4,27.3,|,34.24,132.55
68022,,68022,,,BSB̓m@ʒnCۊϑ,36,12.2,133,20.0,27,17,|,36.20333333333333,133.33333333333334
68046,,68046,,,BSB̓@BqCۊϑ,36,10.7,133,19.4,80,10,|,36.178333333333335,133.32333333333332
68121,,68121,,,o_s쒬F@o_qCۊϑ,35,24.8,132,53.4,2,10.2,|,35.413333333333334,132.89
68132,,68132,,],]sÓc@]nCۑ,35,27.4,133,3.9,17,26.8,|,35.45666666666666,133.065
68376,,68376,,lc,lcsҒ@lcʒnCۊϑ,34,53.8,132,4.2,19,14.8,|,34.89666666666667,132.07
68456,,68456,,,vcsc@ΌqCۊϑ,34,40.5,131,47.4,54,10.2,|,34.675,131.79
69006,,69006,,,`s{@ʒnCۊϑ,35,32.6,133,14.1,2,11.7,|,35.54333333333334,133.235
69052,,69052,,ΎR,sΎR@qCۊϑ,35,31.8,134,9.9,15,10.2,|,35.53,134.165
69076,,69076,,Ďq,ĎqsJ@ĎqʒnCۊϑ,35,26.0,133,20.3,7,18.1,|,35.43333333333333,133.33833333333334
69122,,69122,,,sg@nCۑ,35,29.2,134,14.3,7,33.2,|,35.486666666666665,134.23833333333334
71106,,71106,,,sa@nCۑ,34,4.0,134,34.4,2,17.8,|,34.06666666666667,134.57333333333332
72086,,72086,,,sΒ@nCۑ,34,19.1,134,3.2,9,17.5,|,34.318333333333335,134.05333333333334
72111,,72111,,x,xSxÒƒ@xÓʒnCۊϑ,34,16.5,133,45.1,4,12.1,|,34.275,133.75166666666667
72126,,72126,,,s쒬R@qCۊϑ,34,12.8,134,0.9,185,10,|,34.21333333333333,134.015
73166,Q,73166,,R,Rskc@RnCۑ,33,50.6,132,46.6,32,|,|,33.843333333333334,132.77666666666667
73168,Q,73168,,Rgc,Rsgc@RqCۊϑ,33,49.6,132,41.9,4,9.7,|,33.82666666666667,132.69833333333332
73442,Q,73442,,Fa,FasZg@FaʒnCۊϑ,33,13.6,132,33.1,2,33.2,|,33.22666666666667,132.55166666666668
74181,m,74181,,m,ms䓇@mnCۑ,33,34.0,133,32.9,1,15.5,|,33.56666666666667,133.54833333333335
74188,m,74188,,썑,썑sL@mqCۊϑ,33,32.7,133,40.1,9,10.2,|,33.545,133.66833333333332
74372,m,74372,,˖,ˎs˖@˖ʒnCۊϑ,33,15.1,134,10.6,185,|,|,33.251666666666665,134.17666666666668
74447,m,74447,,h,hюsГ@hѓʒnCۊϑ,32,55.2,132,41.7,2,17.2,|,32.92,132.695
74516,m,74516,,,ys@ʒnCۊϑ,32,43.3,133,0.6,31,14.7,|,32.721666666666664,133.01
81071,R,81071,,,s厚y쓇c@ʒnCۊϑ,34,24.6,131,24.3,2,11.1,|,34.41,131.405
81286,R,81286,,R,RsO@RʒnCۊϑ,34,9.7,131,27.7,18,15.4,|,34.16166666666667,131.46166666666667
81428,R,81428,,,֎s|蒬@֒nCۑ,33,56.9,130,55.5,3,|,|,33.94833333333333,130.925
81436,R,81436,,F,FsFn@RFqCۊϑ,33,55.8,131,16.7,5,10,|,33.93,131.27833333333334
82068,,82068,,`k,kBsq`k@kBqCۊϑ,33,50.7,131,2.1,7,8,|,33.845,131.035
82136,,82136,,ђ,ђˎs쓇Ö؁@ђ˓ʒnCۊϑ,33,39.1,130,41.6,37,11,|,33.651666666666664,130.69333333333333
82182,,82182,,,s半@ǋCۑ,33,34.9,130,22.5,3,|,|,33.58166666666666,130.375
82186,,82186,,,s厚P䎚~@qnCۑ,33,35.0,130,27.1,9,10,|,33.583333333333336,130.45166666666665
83126,啪,83126,,,s厚Cc@啪qCۊϑ,33,28.7,131,44.2,5,8,|,33.47833333333333,131.73666666666668
83137,啪,83137,,c,csO{@cʒnCۊϑ,33,19.3,130,55.7,83,22.1,|,33.321666666666665,130.92833333333334
83216,啪,83216,,啪,啪sl@啪nCۑ,33,14.1,131,37.1,5,19.8,|,33.235,131.61833333333334
84072,,84072,,,Δns@ʒnCۊϑ,34,11.8,129,17.5,4,36,|,34.196666666666665,129.29166666666666
84076,,84076,,Ó,ΔnsÓ{m@ΔnqCۊϑ,34,17.1,129,19.8,63,10.1,|,34.285,129.33
84122,,84122,,Γc,sΓc铌G@qCۊϑ,33,44.9,129,47.1,12,10,|,33.748333333333335,129.785
84171,,84171,,,ˎs̏㒬@˓ʒnCۊϑ,33,21.6,129,33.0,58,12.4,|,33.36,129.55
84266,,84266,,,ێss@ۓʒnCۊϑ,33,9.5,129,43.6,4,35,|,33.15833333333333,129.72666666666666
84371,,84371,,呺,呺s@qCۊϑ,32,55.0,129,54.8,3,10,|,32.916666666666664,129.91333333333333
84496,,84496,,,sR蒬@nCۑ,32,44.0,129,52.0,27,18.6,|,32.733333333333334,129.86666666666667
84519,,84519,,_x,_sl_@_xʒnCۊϑ,32,44.2,130,15.7,678,|,|,32.736666666666665,130.26166666666666
84536,,84536,,],ܓs؏꒬@]ʒnCۊϑ,32,41.6,128,49.6,25,10.2,|,32.693333333333335,128.82666666666665
84537,,84537,,,ܓsÒ@]qCۊϑ,32,39.9,128,49.9,77,10.1,|,32.665,128.83166666666668
85142,,85142,,,swO@nCۑ,33,15.9,130,18.3,6,56.1,|,33.265,130.305
85176,,85176,,앛,s앛厚䓹@qCۊϑ,33,8.9,130,18.1,2,10.1,|,33.14833333333333,130.30166666666668
86141,F{,86141,,F{,F{s拞@F{nCۑ,32,48.8,130,42.4,38,|,|,32.81333333333333,130.70666666666668
86146,F{,86146,,v,vSv钬厚J哹@F{qCۊϑ,32,50.2,130,51.3,193,7.5,|,32.836666666666666,130.855
86467,F{,86467,,lg,lgs{@lgʒnCۊϑ,32,13.0,130,45.3,146,14.7,|,32.21666666666667,130.755
86491,F{,86491,,[,Vs[@[ʒnCۊϑ,32,11.8,130,1.6,3,20.5,|,32.196666666666665,130.02666666666667
87141,{,87141,,,sV_H@ʒnCۊϑ,32,34.9,131,39.4,19,|,|,32.58166666666666,131.65666666666667
87376,{,87376,,{,{s@{nCۑ,31,56.3,131,24.8,9,25.5,|,31.938333333333333,131.41333333333333
87412,{,87412,,ԍ],{s厚ԍ]@{qCۊϑ,31,52.6,131,26.9,6,10,|,31.876666666666665,131.44833333333332
87426,{,87426,,s,ssҊ@sʒnCۊϑ,31,43.8,131,4.9,154,12.4,|,31.73,131.08166666666668
87492,{,87492,,,sÁ@ÓʒnCۊϑ,31,34.7,131,24.4,3,|,|,31.578333333333333,131.40666666666667
88061,,88061,,v,vsԐ@vʒnCۊϑ,32,1.6,130,12.0,40,12.6,|,32.026666666666664,130.2
88166,,88166,,a,saӒ[@qCۊϑ,31,48.2,130,43.1,272,8,|,31.803333333333335,130.71833333333333
88317,,88317,,,sS@nCۑ,31,33.3,130,32.8,4,44.9,|,31.555,130.54666666666665
88466,,88466,,,s@ʒnCۊϑ,31,16.3,130,17.5,30,11,|,31.27166666666667,130.29166666666666
88612,,88612,,q,V\sV\@qʒnCۊϑ,30,43.2,130,58.9,25,29.8,|,30.72,130.98166666666665
88621,,88621,,q,FьSq@qqCۊϑ,30,36.3,130,59.5,234,8,|,30.605,130.99166666666667
88686,,88686,,v,FьSvc@vʒnCۊϑ,30,23.1,130,39.5,37,7,|,30.385,130.65833333333333
88821,,88821,,},s}厚a쎚lv@qCۊϑ,28,25.8,129,42.7,4,10,|,28.43,129.71166666666667
88836,,88836,,,s`@,28,22.7,129,29.7,3,20.8,|,28.378333333333334,129.495
88851,,88851,,E,哇SE厚q@EqCۊϑ,28,19.2,129,55.6,5,10,|,28.32,129.92666666666668
88931,,88931,,V,哇SV钬厚Ԏp@VqCۊϑ,27,50.1,128,52.8,2,10,|,27.835,128.88
88971,,88971,,iǕ,哇Sat@iǕʒnCۊϑ,27,25.9,128,42.3,27,10,|,27.431666666666665,128.705
88986,,88986,,^_,哇S^_@^_qCۊϑ,27,2.6,128,24.1,14,10.1,|,27.043333333333333,128.40166666666667
91107,,91107,,,s{@ʒnCۊϑ,26,35.6,127,57.9,6,25.6,|,26.593333333333334,127.965
91141,,91141,,k,KSvēk@vēqCۊϑ,26,21.8,126,42.8,7,6.9,|,26.363333333333333,126.71333333333334
91146,,91146,,vē,KSvēӖ@vēʒnCۊϑ,26,20.2,126,48.2,5,15,|,26.336666666666666,126.80333333333333
91197,,91197,,ߔe,ߔes@Cۑ,26,12.4,127,41.2,28,47.8,|,26.206666666666667,127.68666666666667
91236,,91236,,,ߔes@ߔeq󑪌,26,11.7,127,38.7,3,10,|,26.195,127.645
92006,,92006,,k哌,KSk哌@k哌qCۊϑ,25,56.6,131,19.6,22,9.8,|,25.943333333333335,131.32666666666665
92011,,92011,,哌,KS哌ݏ@哌nCۑ,25,49.7,131,13.7,15,22.5,|,25.828333333333333,131.22833333333332
92012,,92012,,,KS哌@哌qCۊϑ,25,50.8,131,15.8,48,9.8,|,25.846666666666668,131.26333333333332
93012,,93012,,n,{ÓsɗǕac@nqCۊϑ,24,49.6,125,8.6,8,10,|,24.826666666666668,125.14333333333333
93041,,93041,,{Ó,{Ósǎ@{ÓnCۑ,24,47.6,125,16.7,39,13.5,|,24.793333333333333,125.27833333333334
93042,,93042,,,{Ósǎ@{ÍqCۊϑ,24,46.9,125,17.7,43,9.8,|,24.781666666666666,125.295
93062,,93062,,,{ÌSǊԑ؁@ǊԍqCۊϑ,24,39.2,124,40.5,10,9.8,|,24.653333333333332,124.675
94011,,94011,,,dRS^ߍ^ߍ@^ߍqCۊϑ,24,28.0,122,58.7,15,9.8,|,24.466666666666665,122.97833333333334
94017,,94017,,^ߍ,dRS^ߍ^ߍ@^ߍʒnCۊϑ,24,28.0,123,0.6,30,14.4,|,24.466666666666665,123.01
94062,,94062,,\,dRS|x㌴Fߗ@\ʒnCۊϑ,24,25.6,123,45.9,10,10.1,|,24.426666666666666,123.765
94081,,94081,,Ί_,Ί_so@Ί_nCۑ,24,20.2,124,9.8,6,28.9,|,24.336666666666666,124.16333333333333
94086,,94086,,R,Ί_sRq@Ί_qCۊϑ,24,23.7,124,14.7,31,10,|,24.395,124.245
